Workbook

Sheet Explications
A1: Projects with Syrphidae in the by catch
A2: Name | B2: Sampling methode | C2: years | D2: Localisation
A3: Wild bee atlas project | B3: Pantrap, Handnetting, Vane trap | C3: 2021, 2022 | D3: South, Moselle, Minett
A4: Insect reich (OUR) | B4: Malaise, Baber trap | C4: 2021 | D4: north (nature park)
A5: Beds and breakfeast birds | B5: Malaise | C5: +/- 2020 | D5: North est?
A6: MONIPOL | B6: Pantrap | C6: ?, 2021, 2022, 2023 | D6: ?
A7: Hoverfly project | B7: Handnetting | C7: 2021, 2022 | D7: ?
A10: We will have BY CATCH from different projects
A11: With the information we find we try to have the same names as for our project without lose informations
A13: Collectors name giving the name of the project
A14: wild bee atlas | B14: =WBA
A15: beds and breakfast | B15: =BNB
A16: MONIPOL | B16: =MNP
A18: Projet: Wild bee atlas
A19: site name allows you to find the coordinates in Coordinates wild bee atlas 2020-2021
A20: cell number is to be looked up according to the map created by Julian
A21: station number will always be 1
A22: Date = when the date is <10, keep the 0 at the beggining by adding ' EX: 03-05-2021 would be '030521
A23: Date in = if passive trap, put the 1rst date (when the trap was set up) OR if active, put the only date in Date out column
A24: Date out = if passive trap, put the last date (when the trap was collected) OR if active, put the only date in this column
A25: collector will always be : WBA
A27: note : name of the sites
A28: XXX-N-XXX + passive = Pantrap
A29: XXX-R-XXX + passive = Van trap
A30: XXX-N-XXX + active = Handnetting
A31: XXX-R-XXX + active = Handnetting

Sheet Problems
A1: LBB
A2: Code | B2: Latitude | C2: Longitude | D2: Cell | E2: Station | F2: Date_in | G2: Date_out | H2: Année | I2: Collecteur | J2: Code site | K2: Nom du site | L2: Passive/active | M2: Sorter | N2: Number of specimens | O2: Notes | P2: Code ID | Q2: ID | R2: IDENTIFIER | S2: NUMBER OF SPECIMEN | T2: MALE | U2: FEMALE | V2: SEX INDETERMINATE | W2: IDENTIFICATION NOTE | X2: DATE OF IDENTIFICATION | Y2: IDENTIFICATION METHOD
B3: 49.71394906 | C3: 6.272177473 | D3: 80 | E3: 3 | G3: 030721 | H3: 2021 | I3: LBB | J3: C15_p | K3: C15 | L3: malaise trap | M3: Sam Schaack | P3: vo.zo | Q3: Volucella zonaria | R3: Sam Schaack | S3: 1 | T3: 0 | U3: 1 | V3: 0 | X3: 231023 | Y3: Morphological | Z3: MNHNL81921
B4: 49.64989784 | C4: 6.417040564 | D4: 101 | E4: 1 | G4: 300821 | H4: 2021 | I4: LBB | J4: C2A_p | K4: C2A | L4: malaise trap | M4: Sam Schaack | P4: ep.ba | Q4: Episyrphus balteatus | R4: Sam Schaack | S4: 9 | T4: 2 | U4: 7 | V4: 0 | X4: 241023 | Y4: Morphological | Z4: MNHNL81771

Sheet WBA
A1: Code | B1: Latitude | C1: Longitude | D1: Cell | E1: Station | F1: Date_in | G1: Date_out | H1: Année | I1: Collecteur | J1: Code site | K1: Nom du site | L1: Passive/active | M1: Sorter | N1: Number of specimens | O1: Notes | P1: Code ID | Q1: ID | R1: IDENTIFIER | S1: NUMBER OF SPECIMEN | T1: MALE | U1: FEMALE | V1: SEX INDETERMINATE | W1: IDENTIFICATION NOTE | X1: DATE OF IDENTIFICATION | Y1: IDENTIFICATION METHOD | Z1: QR code | AA1: Recorder? | AB1: Unique
A2: =D2&"_"&E2&"_"&G2&"_"&J2&"_"&P2 -> 117_1_260821_Hoo_p_ep.ba | B2: 49.55327 | C2: 6.146631 | D2: 117 | E2: 1 | F2: 190821 | G2: 260821 | H2: 2021 | I2: Danielle Dolisy, Imen Kharrat | J2: Hoo_p | K2: 121-R-Hoo | L2: Passive | P2: ep.ba | Q2: Episyrphus balteatus | R2: Steven Braun | S2: 1 | T2: 0 | U2: 1 | V2: 0 | X2: 080523 | Y2: Morphological | Z2: MNHNL164755 | AA2: december 2024 | AB2: =IF(COUNTIF(Z:Z, Z2)>1, "Duplicate", "Unique") -> Unique
A3: =D3&"_"&E3&"_"&G3&"_"&J3&"_"&P3 -> 87_1_240821_AdH_p_my.fl | B3: 49.68734 | C3: 6.03495 | D3: 87 | E3: 1 | F3: 170821 | G3: 240821 | H3: 2021 | I3: {=_xludf.XLOOKUP(#REF!,'Feuille 16'!A:A,'Feuille 16'!B:B)} -> #NAME? | J3: AdH_p | K3: 090-R-AdH | L3: Passive | N3: 2 | P3: my.fl | Q3: Myathropa florea | R3: Hinatea Ariey | S3: 2 | T3: 0 | U3: 2 | V3: 0 | X3: 080523 | Y3: Morphological | Z3: MNHNL164757 | AA3: december 2024 | AB3: =IF(COUNTIF(Z:Z, Z3)>1, "Duplicate", "Unique") -> Unique
A4: =D4&"_"&E4&"_"&G4&"_"&J4&"_"&P4 -> 42_1_210621_Och_p_ep.ba | B4: 49.86226 | C4: 5.823835 | D4: 42 | E4: 1 | G4: 210621 | H4: 2021 | I4: {=_xludf.XLOOKUP(#REF!,'Feuille 16'!A:A,'Feuille 16'!B:B)} -> #NAME? | J4: Och_p | K4: 044-R-Och | L4: Passive | M4: Olivier Kirsch | N4: 1 | P4: ep.ba | Q4: Episyrphus balteatus | R4: Stephanie Lippert | S4: 1 | T4: 0 | U4: 1 | V4: 0 | X4: 150523 | Y4: Morphological | Z4: MNHNL164761 | AA4: december 2024 | AB4: =IF(COUNTIF(Z:Z, Z4)>1, "Duplicate", "Unique") -> Unique
A5: =D5&"_"&E5&"_"&G5&"_"&J5&"_"&P5 -> 6_1_080921_Con_p_vo.pe | B5: 50.13374 | C5: 6.047537 | D5: 6 | E5: 1 | G5: 080921 | H5: 2021 | I5: {=_xludf.XLOOKUP(#REF!,'Feuille 16'!A:A,'Feuille 16'!B:B)} -> #NAME? | J5: Con_p | K5: 006-N-Con | L5: Passive | M5: Steven Braun | N5: 2 | P5: vo.pe | Q5: Volucella pellucens | R5: Hinatea Ariey | S5: 1 | T5: 0 | U5: 1 | V5: 0 | X5: 160523 | Y5: Morphological | Z5: MNHNL164815 | AA5: december 2024 | AB5: =IF(COUNTIF(Z:Z, Z5)>1, "Duplicate", "Unique") -> Unique
A6: =D6&"_"&E6&"_"&G6&"_"&J6&"_"&P6 -> 114_1_240821_Gro_p_ep.ba | B6: 49.55828 | C6: 5.945858 | D6: 114 | E6: 1 | F6: 170821 | G6: 240821 | H6: 2021 | I6: {=_xludf.XLOOKUP(#REF!,'Feuille 16'!A:A,'Feuille 16'!B:B)} -> #NAME? | J6: Gro_p | K6: 109-N-Gro | L6: Passive | N6: 5 | P6: ep.ba | Q6: Episyrphus balteatus | R6: Hinatea Ariey | S6: 4 | T6: 1 | U6: 3 | V6: 0 | X6: 160523 | Y6: Morphological | Z6: MNHNL164774 | AA6: december 2024 | AB6: =IF(COUNTIF(Z:Z, Z6)>1, "Duplicate", "Unique") -> Unique
A7: =D7&"_"&E7&"_"&G7&"_"&J7&"_"&P7 -> 64_1_060921_Red_p_ep.ba | B7: 49.76281 | C7: 5.88665 | D7: 64 | E7: 1 | F7: 300821 | G7: 060921 | H7: 2021 | I7: Danielle Dolisy, Imen Kharrat | J7: Red_p | K7: 066-R-Red | L7: Passive | M7: Sam Schaack | N7: 15 | O7: pre-formation | P7: ep.ba | Q7: Episyrphus balteatus | R7: Hinatea Ariey | S7: 2 | T7: 0 | U7: 2 | V7: 0 | X7: 250523 | Y7: Morphological | Z7: MNHNL164801 | AA7: december 2024 | AB7: =IF(COUNTIF(Z:Z, Z7)>1, "Duplicate", "Unique") -> Unique
A8: =D8&"_"&E8&"_"&G8&"_"&J8&"_"&P8 -> 14_1_070921_Bai_p_ep.ba | B8: 50.01869 | C8: 5.921794 | D8: 14 | E8: 1 | F8: 310821 | G8: 070921 | H8: 2021 | I8: {=_xludf.XLOOKUP(#REF!,'Feuille 16'!A:A,'Feuille 16'!B:B)} -> #NAME? | J8: Bai_p | K8: 014-R-Bai | L8: Passive | M8: Olivier Kirsch; Chanistya Ayu Purnomo (2nd sorter) | P8: ep.ba | Q8: Episyrphus balteatus | R8: Hinatea Ariey | S8: 1 | T8: 0 | U8: 1 | V8: 0 | X8: 120623 | Y8: Morphological | Z8: MNHNL164767 | AA8: december 2024 | AB8: =IF(COUNTIF(Z:Z, Z8)>1, "Duplicate", "Unique") -> Unique
A9: =D9&"_"&E9&"_"&G9&"_"&J9&"_"&P9 -> 14_1_070921_Bai_p_rh.ca | B9: 50.01869 | C9: 5.921794 | D9: 14 | E9: 1 | F9: 310821 | G9: 070921 | H9: 2021 | I9: {=_xludf.XLOOKUP(#REF!,'Feuille 16'!A:A,'Feuille 16'!B:B)} -> #NAME? | J9: Bai_p | K9: 014-R-Bai | L9: Passive | M9: Olivier Kirsch; Chanistya Ayu Purnomo (2nd sorter) | P9: rh.ca | Q9: Rhingia campestris | R9: Hinatea Ariey | S9: 2 | T9: 2 | U9: 0 | V9: 0 | X9: 120623 | Y9: Morphological | Z9: MNHNL168000 | AA9: december 2024 | AB9: =IF(COUNTIF(Z:Z, Z9)>1, "Duplicate", "Unique") -> Unique
A10: =D10&"_"&E10&"_"&G10&"_"&J10&"_"&P10 -> 87_1_240821_AdH_p_ep.ba | B10: 49.68734 | C10: 6.03495 | D10: 87 | E10: 1 | F10: 170821 | G10: 240821 | H10: 2021 | I10: {=_xludf.XLOOKUP(#REF!,'Feuille 16'!A:A,'Feuille 16'!B:B)} -> #NAME? | J10: AdH_p | K10: 090-R-AdH | L10: Passive | M10: Hinatea Ariey (2nd sorter) | P10: ep.ba | Q10: Episyrphus balteatus | S10: 1 | T10: 0 | U10: 1 | V10: 0 | X10: 130623 | Y10: Morphological | Z10: MNHNL164175 | AA10: december 2024 | AB10: =IF(COUNTIF(Z:Z, Z10)>1, "Duplicate", "Unique") -> Unique
A11: =D11&"_"&E11&"_"&G11&"_"&J11&"_"&P11 -> 87_1_240821_AdH_p_ep.ba | B11: 49.68734 | C11: 6.03495 | D11: 87 | E11: 1 | F11: 170821 | G11: 240821 | H11: 2021 | I11: {=_xludf.XLOOKUP(#REF!,'Feuille 16'!A:A,'Feuille 16'!B:B)} -> #NAME? | J11: AdH_p | K11: 090-R-AdH | L11: Passive | M11: Hinatea Ariey (2nd sorter) | P11: ep.ba | Q11: Episyrphus balteatus | R11: Eleonore Pottier | S11: 1 | T11: 1 | U11: 0 | V11: 0 | X11: 040723 | Y11: Morphological | Z11: MNHNL164818 | AA11: december 2024 | AB11: =IF(COUNTIF(Z:Z, Z11)>1, "Duplicate", "Unique") -> Unique
A12: =D12&"_"&E12&"_"&G12&"_"&J12&"_"&P12 -> 67_1_240821_Mer_p_ep.ba | B12: 49.76001 | C12: 6.078149 | D12: 67 | E12: 1 | F12: 170821 | G12: 240821 | H12: 2021 | I12: {=_xludf.XLOOKUP(#REF!,'Feuille 16'!A:A,'Feuille 16'!B:B)} -> #NAME? | J12: Mer_p | K12: 069-N-Mer | L12: Passive | M12: Hinatea Ariey | N12: 2 | P12: ep.ba | Q12: Episyrphus balteatus | R12: Hinatea Ariey | S12: 1 | T12: 0 | U12: 1 | V12: 0 | X12: 150623 | Y12: Morphological | Z12: MNHNL164796 | AA12: december 2024 | AB12: =IF(COUNTIF(Z:Z, Z12)>1, "Duplicate", "Unique") -> Unique
A13: =D13&"_"&E13&"_"&G13&"_"&J13&"_"&P13 -> 82_1_210621_Joh_p_ep.ba | B13: 49.74085 | C13: 6.389209 | D13: 82 | E13: 1 | F13: 140621 | G13: 210621 | H13: 2021 | I13: {=_xludf.XLOOKUP(#REF!,'Feuille 16'!A:A,'Feuille 16'!B:B)} -> #NAME? | J13: Joh_p | K13: 073-R-Joh | L13: Passive | M13: Chanistya Ayu Purnomo | N13: 2 | P13: ep.ba | Q13: Episyrphus balteatus | R13: Chanistya Ayu Purnomo | S13: 2 | T13: 1 | U13: 1 | V13: 0 | X13: 220623 | Y13: Morphological | Z13: MNHNL164770 | AA13: december 2024 | AB13: =IF(COUNTIF(Z:Z, Z13)>1, "Duplicate", "Unique") -> Unique
A14: =D14&"_"&E14&"_"&G14&"_"&J14&"_"&P14 -> 96_2_100921_Trans_p_ep.ba | B14: 49.647259 | C14: 6.013814 | D14: 96 | E14: 2 | G14: 100921 | H14: 2021 | I14: {=_xludf.XLOOKUP(#REF!,'Feuille 16'!A:A,'Feuille 16'!B:B)} -> #NAME? | J14: Trans_p | K14: Transect2 | L14: Passive | M14: Hinatea Ariey | N14: 1 | P14: ep.ba | Q14: Episyrphus balteatus | R14: Hinatea Ariey | S14: 1 | T14: 1 | U14: 0 | V14: 0 | X14: 260623 | Y14: Morphological | Z14: MNHNL164781 | AA14: december 2024 | AB14: =IF(COUNTIF(Z:Z, Z14)>1, "Duplicate", "Unique") -> Unique
A15: =D15&"_"&E15&"_"&G15&"_"&J15&"_"&P15 -> 56_1_061021_Kie_p_ep.ba | B15: 49.83343 | C15: 6.136983 | D15: 56 | E15: 1 | F15: 310921 | G15: 061021 | H15: 2021 | I15: Fernanda Herrera-Mesías, Frida Pallapies | J15: Kie_p | K15: 048-N-Kie | L15: Passive | M15: Hinatea Ariey | N15: 1 | P15: ep.ba | Q15: Episyrphus balteatus | R15: Hinatea Ariey | S15: 1 | T15: 1 | U15: 0 | V15: 0 | X15: 260623 | Y15: Morphological | Z15: MNHNL164782 | AA15: december 2024 | AB15: =IF(COUNTIF(Z:Z, Z15)>1, "Duplicate", "Unique") -> Unique
A16: 101_1_250821_odF_p_ep.ba | B16: 49.64898 | C16: 6.416152 | D16: 101 | E16: 1 | F16: 170821 | G16: 240821 | H16: 2021 | I16: Fernanda Herrera-Mesías, Frida Pallapies, Antonio Do Rosario Cruz | J16: odF_p | K16: 095-R-odF | L16: Passive | M16: Chanistya Ayu Purnomo | N16: 4 | P16: ep.ba | Q16: Episyrphus balteatus | R16: Chanistya Ayu Purnomo | S16: 3 | T16: 0 | U16: 3 | V16: 0 | X16: 300623 | Y16: Morphological | Z16: MNHNL164786 | AA16: december 2024 | AB16: =IF(COUNTIF(Z:Z, Z16)>1, "Duplicate", "Unique") -> Unique
A17: 101_2_250821_Wen_p_ep.ba | B17: 49.61655 | C17: 6.348536 | D17: 101 | E17: 2 | F17: 170821 | G17: 240821 | H17: 2021 | I17: Fernanda Herrera-Mesías, Frida Pallapies, Antonio Do Rosario Cruz | J17: Wen_p | K17: 105-N-Wen | L17: Passive | M17: Chanistya Ayu Purnomo | N17: 2 | P17: ep.ba | Q17: Episyrphus balteatus | R17: Chanistya Ayu Purnomo | S17: 1 | T17: 0 | U17: 1 | V17: 0 | X17: 300623 | Y17: Morphological | Z17: MNHNL164763 | AA17: december 2024 | AB17: =IF(COUNTIF(Z:Z, Z17)>1, "Duplicate", "Unique") -> Unique
A18: =D18&"_"&E18&"_"&G18&"_"&J18&"_"&P18 -> 77_1_240821_Roe_p_ep.ba | B18: 49.7092 | C18: 6.05072 | D18: 77 | E18: 1 | F18: 170821 | G18: 240821 | H18: 2021 | I18: {=_xludf.XLOOKUP(#REF!,'Feuille 16'!A:A,'Feuille 16'!B:B)} -> #NAME? | J18: Roe_p | K18: 079-R-Roe | L18: Passive | M18: Amanda Luttringer | N18: 4 | P18: ep.ba | Q18: Episyrphus balteatus | R18: Chanistya Ayu Purnomo | S18: 1 | T18: 1 | U18: 0 | V18: 0 | X18: 300623 | Y18: Morphological | Z18: MNHNL164765 | AA18: december 2024 | AB18: =IF(COUNTIF(Z:Z, Z18)>1, "Duplicate", "Unique") -> Unique
A19: =D19&"_"&E19&"_"&G19&"_"&J19&"_"&P19 -> 94_1_240821_Mou_p_ep.ba | B19: 49.62638 | C19: 5.8965 | D19: 94 | E19: 1 | F19: 170821 | G19: 240821 | H19: 2021 | I19: {=_xludf.XLOOKUP(#REF!,'Feuille 16'!A:A,'Feuille 16'!B:B)} -> #NAME? | J19: Mou_p | K19: 098-R-Mou | L19: Passive | M19: Amanda Luttringer | N19: 39 | P19: ep.ba | Q19: Episyrphus balteatus | R19: Chanistya Ayu Purnomo | S19: 2 | T19: 1 | U19: 1 | V19: 0 | X19: 300623 | Y19: Morphological | Z19: MNHNL164772 | AA19: december 2024 | AB19: =IF(COUNTIF(Z:Z, Z19)>1, "Duplicate", "Unique") -> Unique
A20: =D20&"_"&E20&"_"&G20&"_"&J20&"_"&P20 -> 12_1_070921_Kal_p_sy.pi | B20: 50.10318 | C20: 6.13344 | D20: 12 | E20: 1 | F20: 010921 | G20: 070921 | H20: 2021 | I20: {=_xludf.XLOOKUP(#REF!,'Feuille 16'!A:A,'Feuille 16'!B:B)} -> #NAME? | J20: Kal_p | K20: 007-R-Kal | L20: Passive | M20: Chanistya Ayu Purnomo | N20: 11 | P20: sy.pi | Q20: Syritta pipiens | R20: Chanistya Ayu Purnomo | S20: 1 | T20: 0 | U20: 1 | V20: 0 | X20: 050723 | Y20: Morphological | Z20: MNHNL164788 | AA20: december 2024 | AB20: =IF(COUNTIF(Z:Z, Z20)>1, "Duplicate", "Unique") -> Unique
A21: =D21&"_"&E21&"_"&G21&"_"&J21&"_"&P21 -> 12_1_070921_Kal_p_my.fl | B21: 50.10318 | C21: 6.13344 | D21: 12 | E21: 1 | F21: 010921 | G21: 070921 | H21: 2021 | I21: {=_xludf.XLOOKUP(#REF!,'Feuille 16'!A:A,'Feuille 16'!B:B)} -> #NAME? | J21: Kal_p | K21: 007-R-Kal | L21: Passive | M21: Chanistya Ayu Purnomo | N21: 11 | P21: my.fl | Q21: Myathropa florea | R21: Chanistya Ayu Purnomo | S21: 1 | T21: 0 | U21: 1 | V21: 0 | X21: 050723 | Y21: Morphological | Z21: MNHNL164780 | AA21: december 2024 | AB21: =IF(COUNTIF(Z:Z, Z21)>1, "Duplicate", "Unique") -> Unique
A22: =D22&"_"&E22&"_"&G22&"_"&J22&"_"&P22 -> 113_1_160821_Gad_a_ep.ba | B22: 49.53475 | C22: 5.92937 | D22: 113 | E22: 1 | G22: 160821 | H22: 2021 | I22: {=_xludf.XLOOKUP(#REF!,'Feuille 16'!A:A,'Feuille 16'!B:B)} -> #NAME? | J22: Gad_a | K22: 117-N-Gad | L22: Active | M22: Sam Schaack | P22: ep.ba | Q22: Episyrphus balteatus | R22: Hinatea Ariey | S22: 1 | T22: 0 | U22: 1 | V22: 0 | X22: 220621 | Y22: Morphological | Z22: MNHNL164768 | AA22: december 2024 | AB22: =IF(COUNTIF(Z:Z, Z22)>1, "Duplicate", "Unique") -> Unique
A23: =D23&"_"&E23&"_"&G23&"_"&J23&"_"&P23 -> 95_1_240821_Sch_p_my.fl | B23: 49.61583 | C23: 5.967378 | D23: 95 | E23: 1 | F23: 160821 | G23: 240821 | H23: 2021 | I23: {=_xludf.XLOOKUP(#REF!,'Feuille 16'!A:A,'Feuille 16'!B:B)} -> #NAME? | J23: Sch_p | K23: 099-N-Sch | L23: Passive | M23: Chanistya Ayu Purnomo (2nd sorter) | N23: 9 | O23: +2 syrpidae found (1 headless) | P23: my.fl | Q23: Myathropa florea | R23: Chanistya Ayu Purnomo | S23: 1 | T23: 1 | U23: 0 | V23: 0 | X23: 060723 | Y23: Morphological | Z23: MNHNL164805 | AA23: december 2024 | AB23: =IF(COUNTIF(Z:Z, Z23)>1, "Duplicate", "Unique") -> Unique
A24: =D24&"_"&E24&"_"&G24&"_"&J24&"_"&P24 -> 95_1_240821_Sch_p_ep.ba | B24: 49.61583 | C24: 5.967378 | D24: 95 | E24: 1 | F24: 160821 | G24: 240821 | H24: 2021 | I24: {=_xludf.XLOOKUP(#REF!,'Feuille 16'!A:A,'Feuille 16'!B:B)} -> #NAME? | J24: Sch_p | K24: 099-N-Sch | L24: Passive | M24: Chanistya Ayu Purnomo (2nd sorter) | N24: 9 | O24: +2 syrpidae found (1 headless) | P24: ep.ba | Q24: Episyrphus balteatus | R24: Chanistya Ayu Purnomo | S24: 5 | T24: 4 | U24: 1 | V24: 0 | X24: 060723 | Y24: Morphological | Z24: MNHNL164800 | AA24: december 2024 | AB24: =IF(COUNTIF(Z:Z, Z24)>1, "Duplicate", "Unique") -> Unique
A25: =D25&"_"&E25&"_"&G25&"_"&J25&"_"&P25 -> 99_1_250821_GCGD_p_ep.ba | B25: 49.638566 | C25: 6.2126922 | D25: 99 | E25: 1 | F25: 190821 | G25: 250821 | H25: 2021 | I25: {=_xludf.XLOOKUP(#REF!,'Feuille 16'!A:A,'Feuille 16'!B:B)} -> #NAME? | J25: GCGD_p | K25: 102-N-GCGD | L25: Passive | M25: Sam Schaack | N25: 2 | P25: ep.ba | Q25: Episyrphus balteatus | R25: Chanistya Ayu Purnomo | S25: 2 | T25: 1 | U25: 1 | V25: 0 | X25: 060723 | Y25: Morphological | Z25: MNHNL164806 | AA25: december 2024 | AB25: =IF(COUNTIF(Z:Z, Z25)>1, "Duplicate", "Unique") -> Unique
A26: =D26&"_"&E26&"_"&G26&"_"&J26&"_"&P26 -> 72_1_260821_Gie_p_ep.ba | B26: 49.78318 | C26: 6.480582 | D26: 72 | E26: 1 | F26: 180821 | G26: 260821 | H26: 2021 | I26: {=_xludf.XLOOKUP(#REF!,'Feuille 16'!A:A,'Feuille 16'!B:B)} -> #NAME? | J26: Gie_p | K26: 063-R-Gie | L26: Passive | M26: Hinatea Ariey | N26: a lot | P26: ep.ba | Q26: Episyrphus balteatus | R26: Chanistya Ayu Purnomo | S26: 51 | T26: 18 | U26: 33 | V26: 0 | X26: 070723 | Y26: Morphological | Z26: MNHNL164762 | AA26: december 2024 | AB26: =IF(COUNTIF(Z:Z, Z26)>1, "Duplicate", "Unique") -> Unique
A27: =D27&"_"&E27&"_"&G27&"_"&J27&"_"&P27 -> 96_1_240821_Tos_p_vo.zo | B27: 49.62404 | C27: 6.043285 | D27: 96 | E27: 1 | F27: 160821 | G27: 240821 | H27: 2021 | I27: {=_xludf.XLOOKUP(#REF!,'Feuille 16'!A:A,'Feuille 16'!B:B)} -> #NAME? | J27: Tos_p | K27: 100-R-Tos | L27: Passive | M27: Olivier Kirsch | N27: 2 | P27: vo.zo | Q27: Volucella zonaria | R27: Chanistya Ayu Purnomo | S27: 1 | T27: 0 | U27: 1 | V27: 0 | X27: 070723 | Y27: Morphological | Z27: MNHNL164816 | AA27: december 2024 | AB27: =IF(COUNTIF(Z:Z, Z27)>1, "Duplicate", "Unique") -> Unique
A28: =D28&"_"&E28&"_"&G28&"_"&J28&"_"&P28 -> 96_1_240821_Tos_p_ep.ba | B28: 49.62404 | C28: 6.043285 | D28: 96 | E28: 1 | F28: 160821 | G28: 240821 | H28: 2021 | I28: {=_xludf.XLOOKUP(#REF!,'Feuille 16'!A:A,'Feuille 16'!B:B)} -> #NAME? | J28: Tos_p | K28: 100-R-Tos | L28: Passive | M28: Olivier Kirsch | P28: ep.ba | Q28: Episyrphus balteatus | R28: Eleonore Pottier | S28: 1 | T28: 1 | U28: 0 | V28: 0 | X28: 050723 | Y28: Morphological | Z28: MNHNL164178 | AA28: december 2024 | AB28: =IF(COUNTIF(Z:Z, Z28)>1, "Duplicate", "Unique") -> Unique
A29: =D29&"_"&E29&"_"&G29&"_"&J29&"_"&P29 -> 52_1_070921_udA_p_ep.ba | B29: 49.81124 | C29: 5.814094 | D29: 52 | E29: 1 | F29: 310821 | G29: 070921 | H29: 2021 | I29: {=_xludf.XLOOKUP(#REF!,'Feuille 16'!A:A,'Feuille 16'!B:B)} -> #NAME? | J29: udA_p | K29: 054-R-udA | L29: Passive | M29: Hinatea Ariey | N29: 18 | P29: ep.ba | Q29: Episyrphus balteatus | R29: Chanistya Ayu Purnomo | S29: 2 | T29: 1 | U29: 1 | V29: 0 | X29: 240723 | Y29: Morphological | Z29: MNHNL164795 | AA29: december 2024 | AB29: =IF(COUNTIF(Z:Z, Z29)>1, "Duplicate", "Unique") -> Unique
A30: =D30&"_"&E30&"_"&G30&"_"&J30&"_"&P30 -> 28_1_110422_Fas_a_ep.ba | B30: 49.93818 | C30: 5.94657 | D30: 28 | E30: 1 | F30: NA | G30: 110422 | H30: 2022 | I30: {=_xludf.XLOOKUP(#REF!,'Feuille 16'!A:A,'Feuille 16'!B:B)} -> #NAME? | J30: Fas_a | K30: 029-N-Fas | L30: Active | M30: Chanistya Ayu Purnomo | N30: 5 | P30: ep.ba | Q30: Episyrphus balteatus | R30: Chanistya Ayu Purnomo | S30: 1 | T30: 0 | U30: 1 | V30: 0 | X30: 240723 | Y30: Morphological | Z30: MNHNL164807 | AA30: december 2024 | AB30: =IF(COUNTIF(Z:Z, Z30)>1, "Duplicate", "Unique") -> Unique
A31: =D31&"_"&E31&"_"&G31&"_"&J31&"_"&P31 -> 103_1_240821_Gei_p_ep.ba | B31: 49.54434 | C31: 5.854062 | D31: 103 | E31: 1 | F31: 170821 | G31: 240821 | H31: 2021 | I31: {=_xludf.XLOOKUP(#REF!,'Feuille 16'!A:A,'Feuille 16'!B:B)} -> #NAME? | J31: Gei_p | K31: 116-R-Gei | L31: Passive | M31: Chanistya Ayu Purnomo | N31: 4 | O31: 2 Ep.ba | P31: ep.ba | Q31: Episyrphus balteatus | R31: Chanistya Ayu Purnomo | S31: 2 | T31: 0 | U31: 2 | V31: 0 | X31: 240723 | Y31: Morphological | Z31: MNHNL164814 | AA31: december 2024 | AB31: =IF(COUNTIF(Z:Z, Z31)>1, "Duplicate", "Unique") -> Unique
A32: =D32&"_"&E32&"_"&G32&"_"&J32&"_"&P32 -> 72_1_260821_Gie_p_ep.ba | B32: 49.78318 | C32: 6.480582 | D32: 72 | E32: 1 | F32: 180821 | G32: 260821 | H32: 2021 | I32: {=_xludf.XLOOKUP(#REF!,'Feuille 16'!A:A,'Feuille 16'!B:B)} -> #NAME? | J32: Gie_p | K32: 063-R-Gie | L32: Passive | M32: Hinatea Ariey | N32: a lot | P32: ep.ba | Q32: Episyrphus balteatus | R32: Chanistya Ayu Purnomo | S32: 1 | T32: 1 | U32: 0 | V32: 0 | X32: 250723 | Y32: Morphological | Z32: MNHNL164184 | AA32: december 2024 | AB32: =IF(COUNTIF(Z:Z, Z32)>1, "Duplicate", "Unique") -> Unique
A33: =D33&"_"&E33&"_"&G33&"_"&J33&"_"&P33 -> 82_1_260821_Joh_p_ep.ba | B33: 49.74085 | C33: 6.389209 | D33: 82 | E33: 1 | F33: 140621 | G33: 260821 | H33: 2021 | I33: {=_xludf.XLOOKUP(#REF!,'Feuille 16'!A:A,'Feuille 16'!B:B)} -> #NAME? | J33: Joh_p | K33: 073-R-Joh | L33: Passive | M33: Hinatea Ariey | N33: 17 | O33: 2 E. balteatus(already ID and removed not counted in the total) | P33: ep.ba | Q33: Episyrphus balteatus | R33: Hinatea Ariey | S33: 2 | T33: 0 | U33: 2 | V33: 0 | X33: 040723 | Y33: Morphological | Z33: MNHNL164812 | AA33: december 2024 | AB33: =IF(COUNTIF(Z:Z, Z33)>1, "Duplicate", "Unique") -> Unique
A34: =D34&"_"&E34&"_"&G34&"_"&J34&"_"&P34 -> 87_1_240821_Pra_p_ep.ba | B34: 49.65445 | C34: 6.02472 | D34: 87 | E34: 1 | F34: 160821 | G34: 240821 | H34: 2021 | I34: {=_xludf.XLOOKUP(#REF!,'Feuille 16'!A:A,'Feuille 16'!B:B)} -> #NAME? | J34: Pra_p | K34: 090-N-Pra | L34: Passive | M34: Lydia Barrouche | P34: ep.ba | Q34: Episyrphus balteatus | R34: Eleonore Pottier | S34: 5 | T34: 3 | U34: 2 | V34: 0 | X34: 250723 | Y34: Morphological | Z34: MNHNL164180 | AA34: december 2024 | AB34: =IF(COUNTIF(Z:Z, Z34)>1, "Duplicate", "Unique") -> Unique
A35: =D35&"_"&E35&"_"&G35&"_"&J35&"_"&P35 -> 96_1_240821_Kaz_p_ep.ba | B35: 49.64296 | C35: 6.022347 | D35: 96 | E35: 1 | F35: 160821 | G35: 240821 | H35: 2021 | I35: {=_xludf.XLOOKUP(#REF!,'Feuille 16'!A:A,'Feuille 16'!B:B)} -> #NAME? | J35: Kaz_p | K35: 100-N-Kaz | L35: Passive | M35: Hinatea Ariey | N35: 9 | P35: ep.ba | Q35: Episyrphus balteatus | R35: Chanistya Ayu Purnomo | S35: 1 | T35: 0 | U35: 1 | V35: 0 | X35: 250723 | Y35: Morphological | Z35: MNHNL164176 | AA35: december 2024 | AB35: =IF(COUNTIF(Z:Z, Z35)>1, "Duplicate", "Unique") -> Unique
A36: =D36&"_"&E36&"_"&G36&"_"&J36&"_"&P36 -> 96_1_240821_Kaz_p_ep.ba | B36: 49.64296 | C36: 6.022347 | D36: 96 | E36: 1 | F36: 160821 | G36: 240821 | H36: 2021 | I36: {=_xludf.XLOOKUP(#REF!,'Feuille 16'!A:A,'Feuille 16'!B:B)} -> #NAME? | J36: Kaz_p | K36: 100-N-Kaz | L36: Passive | M36: Hinatea Ariey | N36: 9 | P36: ep.ba | Q36: Episyrphus balteatus | R36: Chanistya Ayu Purnomo | S36: 1 | T36: 0 | U36: 1 | V36: 0 | X36: 250723 | Y36: Morphological | Z36: MNHNL178229 | AB36: =IF(COUNTIF(Z:Z, Z36)>1, "Duplicate", "Unique") -> Unique
A37: =D37&"_"&E37&"_"&G37&"_"&J37&"_"&P37 -> 48_1_100921_Wan_p_ep.ba | B37: 49.8715 | C37: 6.275446 | D37: 48 | E37: 1 | F37: 020921 | G37: 100921 | H37: 2021 | I37: {=_xludf.XLOOKUP(#REF!,'Feuille 16'!A:A,'Feuille 16'!B:B)} -> #NAME? | J37: Wan_p | K37: 041-R-Wan | L37: Passive | M37: Chanistya Ayu Purnomo | N37: 11 | O37: 1 Ep.ba | P37: ep.ba | Q37: Episyrphus balteatus | R37: Chanistya Ayu Purnomo | S37: 1 | T37: 0 | U37: 1 | V37: 0 | X37: 250723 | Y37: Morphological | Z37: MNHNL164811 | AA37: december 2024 | AB37: =IF(COUNTIF(Z:Z, Z37)>1, "Duplicate", "Unique") -> Unique
A38: =D38&"_"&E38&"_"&G38&"_"&J38&"_"&P38 -> 48_1_100921_Wan_p_rh.ca | B38: 49.8715 | C38: 6.275446 | D38: 48 | E38: 1 | F38: 020921 | G38: 100921 | H38: 2021 | I38: {=_xludf.XLOOKUP(#REF!,'Feuille 16'!A:A,'Feuille 16'!B:B)} -> #NAME? | J38: Wan_p | K38: 041-R-Wan | L38: Passive | M38: Chanistya Ayu Purnomo | N38: 11 | O38: 1 Ep.ba | P38: rh.ca | Q38: Rhingia campestris | R38: Chanistya Ayu Purnomo | S38: 5 | T38: 1 | U38: 4 | V38: 0 | X38: 250723 | Y38: Morphological | Z38: MNHNL168014 | AA38: december 2024 | AB38: =IF(COUNTIF(Z:Z, Z38)>1, "Duplicate", "Unique") -> Unique
A39: =D39&"_"&E39&"_"&G39&"_"&J39&"_"&P39 -> 96_2_300821_Trans2_p_ep.ba | B39: 49.647259 | C39: 6.013814 | D39: 96 | E39: 2 | F39: 190821 | G39: 300821 | H39: 2021 | I39: {=_xludf.XLOOKUP(#REF!,'Feuille 16'!A:A,'Feuille 16'!B:B)} -> #NAME? | J39: Trans2_p | K39: Transect 2 | L39: Passive | M39: Sam Schaack | N39: 20 | O39: Incomplete info on red pot | P39: ep.ba | Q39: Episyrphus balteatus | R39: Chanistya Ayu Purnomo | S39: 3 | T39: 2 | U39: 1 | V39: 0 | X39: 250723 | Y39: Morphological | Z39: MNHNL164789 | AA39: december 2024 | AB39: =IF(COUNTIF(Z:Z, Z39)>1, "Duplicate", "Unique") -> Unique
A40: =D40&"_"&E40&"_"&G40&"_"&J40&"_"&P40 -> 86_1_060921_Koe_p_rh.ca | B40: 49.68346 | C40: 5.94073 | D40: 86 | E40: 1 | F40: 300821 | G40: 060921 | H40: 2021 | I40: {=_xludf.XLOOKUP(#REF!,'Feuille 16'!A:A,'Feuille 16'!B:B)} -> #NAME? | J40: Koe_p | K40: 089-R-Koe | L40: Passive | M40: Sam Schaack | N40: 7 | O40: pre-formation | P40: rh.ca | Q40: Rhingia campestris | R40: Chanistya Ayu Purnomo | S40: 2 | T40: 2 | U40: 0 | V40: 0 | X40: 250723 | Y40: Morphological | Z40: MNHNL165825 | AA40: december 2024 | AB40: =IF(COUNTIF(Z:Z, Z40)>1, "Duplicate", "Unique") -> Unique
A41: =D41&"_"&E41&"_"&G41&"_"&J41&"_"&P41 -> 42_1_070921_Och_p_rh.ca | B41: 49.86226 | C41: 5.823835 | D41: 42 | E41: 1 | F41: 310821 | G41: 070921 | H41: 2021 | I41: {=_xludf.XLOOKUP(#REF!,'Feuille 16'!A:A,'Feuille 16'!B:B)} -> #NAME? | J41: Och_p | K41: 044-R-Och | L41: Passive | M41: Chanistya Ayu Purnomo (2nd sorter) | N41: 17 | O41: +1 syrphidae | P41: rh.ca | Q41: Rhingia campestris | R41: Chanistya Ayu Purnomo | S41: 1 | T41: 0 | U41: 1 | V41: 0 | W41: with name 42_1_070921_Och_p_fe.cu -> change for 42_1_070921_Och_p_rh.ca | X41: 260723 | Y41: Morphological | Z41: MNHNL128730 | AA41: december 2024 | AB41: =IF(COUNTIF(Z:Z, Z41)>1, "Duplicate", "Unique") -> Unique
A42: =D42&"_"&E42&"_"&G42&"_"&J42&"_"&P42 -> 80_1_240821_Hwe_p_ep.ba | B42: 49.70197 | C42: 6.274582 | D42: 80 | E42: 1 | F42: 170821 | G42: 240821 | H42: 2021 | I42: {=_xludf.XLOOKUP(#REF!,'Feuille 16'!A:A,'Feuille 16'!B:B)} -> #NAME? | J42: Hwe_p | K42: 082-N-Hwe | L42: Passive | M42: Amanda Luttringer | N42: 2 | O42: 1 Ep.ba | P42: ep.ba | Q42: Episyrphus balteatus | R42: Chanistya Ayu Purnomo | S42: 1 | T42: 1 | U42: 0 | V42: 0 | X42: 260723 | Y42: Morphological | Z42: MNHNL164808 | AA42: december 2024 | AB42: =IF(COUNTIF(Z:Z, Z42)>1, "Duplicate", "Unique") -> Unique
A43: =D43&"_"&E43&"_"&G43&"_"&J43&"_"&P43 -> 80_1_240821_Wel_p_ep.ba | B43: 49.70197 | C43: 6.274582 | D43: 80 | E43: 1 | F43: 170821 | G43: 240821 | H43: 2021 | I43: {=_xludf.XLOOKUP(#REF!,'Feuille 16'!A:A,'Feuille 16'!B:B)} -> #NAME? | J43: Wel_p | K43: 082-N-Hwe | L43: Passive | M43: Amanda Luttringer | P43: ep.ba | Q43: Episyrphus balteatus | R43: Eleonore Pottier | S43: 1 | T43: 1 | U43: 0 | V43: 0 | X43: 050723 | Y43: Morphological | Z43: MNHNL164179 | AA43: december 2024 | AB43: =IF(COUNTIF(Z:Z, Z43)>1, "Duplicate", "Unique") -> Unique
A44: =D44&"_"&E44&"_"&G44&"_"&J44&"_"&P44 -> 1_1_300621_Hel_p_rh.ca | B44: 50.16656 | C44: 5.980226 | D44: 1 | E44: 1 | F44: 160621 | G44: 300621 | H44: 2021 | I44: {=_xludf.XLOOKUP(#REF!,'Feuille 16'!A:A,'Feuille 16'!B:B)} -> #NAME? | J44: Hel_p | K44: 001-R-Hel | L44: Passive | M44: Hinatea Ariey (2nd sorter) | O44: +1 syrphidae found | P44: rh.ca | Q44: Rhingia campestris | R44: Chanistya Ayu Purnomo | S44: 1 | T44: 0 | U44: 1 | V44: 0 | X44: 260723 | Y44: Morphological | Z44: MNHNL167993 | AA44: december 2024 | AB44: =IF(COUNTIF(Z:Z, Z44)>1, "Duplicate", "Unique") -> Unique
A45: =D45&"_"&E45&"_"&G45&"_"&J45&"_"&P45 -> 23_1_090921_Sau_p_ep.ba | B45: 49.987316 | C45: 6.096952 | D45: 23 | E45: 1 | F45: 020921 | G45: 090921 | H45: 2021 | I45: {=_xludf.XLOOKUP(#REF!,'Feuille 16'!A:A,'Feuille 16'!B:B)} -> #NAME? | J45: Sau_p | K45: 024-R-Sau | L45: Passive | N45: 3 | O45: +2 syrphidae found | P45: ep.ba | Q45: Episyrphus balteatus | R45: Chanistya Ayu Purnomo | S45: 2 | T45: 0 | U45: 2 | V45: 0 | X45: 260723 | Y45: Morphological | Z45: MNHNL164775 | AA45: december 2024 | AB45: =IF(COUNTIF(Z:Z, Z45)>1, "Duplicate", "Unique") -> Unique
A46: =D46&"_"&E46&"_"&G46&"_"&J46&"_"&P46 -> 134_1_250821_Fie_p_ba.el | B46: 49.46321 | C46: 6.364744 | D46: 134 | E46: 1 | F46: 180821 | G46: 250821 | H46: 2021 | I46: {=_xludf.XLOOKUP(#REF!,'Feuille 16'!A:A,'Feuille 16'!B:B)} -> #NAME? | J46: Fie_p | K46: 137-N-Fie | L46: Passive | M46: Hinatea Ariey | N46: 2 | P46: ba.el | Q46: Baccha elongata | R46: Chanistya Ayu Purnomo | S46: 1 | T46: 1 | U46: 0 | V46: 0 | X46: 260723 | Y46: Morphological | Z46: MNHNL168001 | AA46: december 2024 | AB46: =IF(COUNTIF(Z:Z, Z46)>1, "Duplicate", "Unique") -> Unique
A47: =D47&"_"&E47&"_"&G47&"_"&J47&"_"&P47 -> 1_1_070921_Fol_p_ba.el | B47: 50.15681 | C47: 5.999387 | D47: 1 | E47: 1 | F47: 010921 | G47: 070921 | H47: 2021 | I47: {=_xludf.XLOOKUP(#REF!,'Feuille 16'!A:A,'Feuille 16'!B:B)} -> #NAME? | J47: Fol_p | K47: 001-N-Fol | L47: Passive | M47: Steven Braun | N47: 1 | P47: ba.el | Q47: Baccha elongata | R47: Chanistya Ayu Purnomo | S47: 1 | T47: 0 | U47: 1 | V47: 0 | X47: 260723 | Y47: Morphological | Z47: MNHNL167990 | AA47: december 2024 | AB47: =IF(COUNTIF(Z:Z, Z47)>1, "Duplicate", "Unique") -> Unique
A48: =D48&"_"&E48&"_"&G48&"_"&J48&"_"&P48 -> 115_1_230821_Paf_p_ep.ba | B48: 49.53476 | C48: 6.006833 | D48: 115 | E48: 1 | F48: 160821 | G48: 230821 | H48: 2021 | I48: {=_xludf.XLOOKUP(#REF!,'Feuille 16'!A:A,'Feuille 16'!B:B)} -> #NAME? | J48: Paf_p | K48: 119-N-Paf | L48: Passive | M48: Hinatea Ariey | N48: 15 | P48: ep.ba | Q48: Episyrphus balteatus | R48: Eleonore Pottier | S48: 1 | T48: 0 | U48: 1 | V48: 0 | X48: 040723 | Y48: Morphological | Z48: MNHNL164181 | AA48: december 2024 | AB48: =IF(COUNTIF(Z:Z, Z48)>1, "Duplicate", "Unique") -> Unique
A49: =D49&"_"&E49&"_"&G49&"_"&J49&"_"&P49 -> 105_1_240821_Nue_p_ch.bi | B49: 49.59356 | C49: 5.90676 | D49: 105 | E49: 1 | F49: 170821 | G49: 240821 | H49: 2021 | I49: {=_xludf.XLOOKUP(#REF!,'Feuille 16'!A:A,'Feuille 16'!B:B)} -> #NAME? | J49: Nue_p | K49: 108-N-Nue | L49: Passive | M49: Amanda Luttringer | N49: 8 | P49: ch.bi | Q49: Chrysotoxum bicinctum | R49: Chanistya Ayu Purnomo | S49: 3 | T49: 0 | U49: 3 | V49: 0 | X49: 270723 | Y49: Morphological | Z49: MNHNL168092 | AA49: december 2024 | AB49: =IF(COUNTIF(Z:Z, Z49)>1, "Duplicate", "Unique") -> Unique
A50: =D50&"_"&E50&"_"&G50&"_"&J50&"_"&P50 -> 1_1_070921_Hel_p_rh.ca | B50: 50.16656 | C50: 5.980226 | D50: 1 | E50: 1 | F50: 010921 | G50: 070921 | H50: 2021 | I50: {=_xludf.XLOOKUP(#REF!,'Feuille 16'!A:A,'Feuille 16'!B:B)} -> #NAME? | J50: Hel_p | K50: 001-R-Hel | L50: Passive | M50: Sam Schaack | N50: 7 | O50: pre-formation | P50: rh.ca | Q50: Rhingia campestris | R50: Chanistya Ayu Purnomo | S50: 1 | T50: 0 | U50: 1 | V50: 0 | X50: 270723 | Y50: Morphological | Z50: MNHNL167992 | AA50: december 2024 | AB50: =IF(COUNTIF(Z:Z, Z50)>1, "Duplicate", "Unique") -> Unique
A51: =D51&"_"&E51&"_"&G51&"_"&J51&"_"&P51 -> 1_1_070921_Hel_p_ep.ba | B51: 50.16656 | C51: 5.980226 | D51: 1 | E51: 1 | F51: 010921 | G51: 070921 | H51: 2021 | I51: {=_xludf.XLOOKUP(#REF!,'Feuille 16'!A:A,'Feuille 16'!B:B)} -> #NAME? | J51: Hel_p | K51: 001-R-Hel | L51: Passive | M51: Sam Schaack | N51: 7 | O51: pre-formation | P51: ep.ba | Q51: Episyrphus balteatus | R51: Eleonore Pottier | S51: 1 | T51: 0 | U51: 1 | V51: 0 | X51: 040723 | Y51: Morphological | Z51: MNHNL164183 | AA51: december 2024 | AB51: =IF(COUNTIF(Z:Z, Z51)>1, "Duplicate", "Unique") -> Unique
A52: =D52&"_"&E52&"_"&G52&"_"&J52&"_"&P52 -> 82_1_260821_Gra_p_ep.ba | B52: 49.7138 | C52: 6.363715 | D52: 82 | E52: 1 | F52: 180821 | G52: 260821 | H52: 2021 | I52: {=_xludf.XLOOKUP(#REF!,'Feuille 16'!A:A,'Feuille 16'!B:B)} -> #NAME? | J52: Gra_p | K52: 084-N-Gra | L52: Passive | M52: Sam Schaack | N52: 1 | P52: ep.ba | Q52: Episyrphus balteatus | R52: Eleonore Pottier | S52: 1 | T52: 1 | U52: 0 | V52: 0 | X52: 050723 | Y52: Morphological | Z52: MNHNL164177 | AA52: december 2024 | AB52: =IF(COUNTIF(Z:Z, Z52)>1, "Duplicate", "Unique") -> Unique
A53: =D53&"_"&E53&"_"&J53&"_"&P53 -> 117_1_Hoo_p_ep.ba | B53: 49.55327 | C53: 6.146631 | D53: 117 | E53: 1 | F53: 010621 | G53: 090621 | H53: 2021 | I53: {=_xludf.XLOOKUP(#REF!,'Feuille 16'!A:A,'Feuille 16'!B:B)} -> #NAME? | J53: Hoo_p | K53: 121-R-Hoo | L53: Passive | M53: Chanistya Ayu Purnomo | N53: 1 | O53: 1 Ep.ba; no date on & in the jar; found the date by elimination (HA) | P53: ep.ba | Q53: Episyrphus balteatus | R53: Chanistya Ayu Purnomo | S53: 1 | T53: 0 | U53: 1 | V53: 0 | X53: 280723 | Y53: Morphological | Z53: MNHNL164817 | AA53: december 2024 | AB53: =IF(COUNTIF(Z:Z, Z53)>1, "Duplicate", "Unique") -> Unique
A54: =D54&"_"&E54&"_"&G54&"_"&J54&"_"&P54 -> 104_1_240821_Odl_p_ep.ba | B54: 49.56785 | C54: 5.88788 | D54: 104 | E54: 1 | F54: 170821 | G54: 240821 | H54: 2021 | I54: {=_xludf.XLOOKUP(#REF!,'Feuille 16'!A:A,'Feuille 16'!B:B)} -> #NAME? | J54: Odl_p | K54: 108-N-Odl | L54: Passive | M54: Hinatea Ariey (2nd sorter) | N54: 1 | O54: +1 syrphidae found | P54: ep.ba | Q54: Episyrphus balteatus | R54: Hinatea Ariey | S54: 1 | T54: 1 | U54: 0 | V54: 0 | X54: 100523 | Y54: Morphological | Z54: MNHNL164764 | AA54: december 2024 | AB54: =IF(COUNTIF(Z:Z, Z54)>1, "Duplicate", "Unique") -> Unique
A55: =D55&"_"&E55&"_"&G55&"_"&J55&"_"&P55 -> 105_1_240821_Woe_p_ep.ba | B55: 49.59072 | C55: 5.990108 | D55: 105 | E55: 1 | F55: 170821 | G55: 240821 | H55: 2021 | I55: {=_xludf.XLOOKUP(#REF!,'Feuille 16'!A:A,'Feuille 16'!B:B)} -> #NAME? | J55: Woe_p | K55: 109-N-Woe | L55: Passive | M55: Chanistya Ayu Purnomo | N55: 6 | O55: 1 Ep.ba | P55: ep.ba | Q55: Episyrphus balteatus | R55: Chanistya Ayu Purnomo | S55: 1 | T55: 0 | U55: 1 | V55: 0 | X55: 280723 | Y55: Morphological | Z55: MNHNL164792 | AA55: december 2024 | AB55: =IF(COUNTIF(Z:Z, Z55)>1, "Duplicate", "Unique") -> Unique
A56: =D56&"_"&E56&"_"&G56&"_"&J56&"_"&P56 -> 119_1_250821_adK_p_ep.ba | B56: 49.54045 | C56: 6.28273 | D56: 119 | E56: 1 | F56: 180821 | G56: 250821 | H56: 2021 | I56: {=_xludf.XLOOKUP(#REF!,'Feuille 16'!A:A,'Feuille 16'!B:B)} -> #NAME? | J56: adK_p | K56: 123-N-Adk | L56: Passive | M56: Chanistya Ayu Purnomo (2nd sorter) | N56: 1 | O56: +1 syrphidae found | P56: ep.ba | Q56: Episyrphus balteatus | R56: Chanistya Ayu Purnomo | S56: 1 | T56: 0 | U56: 1 | V56: 0 | X56: 280723 | Y56: Morphological | Z56: MNHNL164766 | AA56: december 2024 | AB56: =IF(COUNTIF(Z:Z, Z56)>1, "Duplicate", "Unique") -> Unique
A57: =D57&"_"&E57&"_"&G57&"_"&J57&"_"&P57 -> 96_1_100621_Trans1_p_ep.ba | B57: 49.64594 | C57: 6.01056 | D57: 96 | E57: 1 | F57: 30621 | G57: 100621 | H57: 2021 | I57: {=_xludf.XLOOKUP(#REF!,'Feuille 16'!A:A,'Feuille 16'!B:B)} -> #NAME? | J57: Trans1_p | K57: Transect1 | L57: Passive | P57: ep.ba | Q57: Episyrphus balteatus | R57: Chanistya Ayu Purnomo | S57: 1 | T57: 1 | U57: 0 | V57: 0 | X57: 280723 | Y57: Morphological | Z57: MNHNL164778 | AA57: december 2024 | AB57: =IF(COUNTIF(Z:Z, Z57)>1, "Duplicate", "Unique") -> Unique
A58: =D58&"_"&E58&"_"&G58&"_"&J58&"_"&P58 -> 21_1_210622_aHa_p_ep.ba | B58: 49.992064 | C58: 5.9831866 | D58: 21 | E58: 1 | F58: NA | G58: 210622 | H58: 2022 | I58: {=_xludf.XLOOKUP(#REF!,'Feuille 16'!A:A,'Feuille 16'!B:B)} -> #NAME? | J58: aHa_p | K58: 022-N-aHa | L58: Passive | M58: Stéphanie Lippert | N58: 1 | P58: ep.ba | Q58: Episyrphus balteatus | R58: Stéphanie Lippert | S58: 1 | T58: 0 | U58: 1 | V58: 0 | X58: 020823 | Y58: Morphological | Z58: MNHNL164797 | AA58: december 2024 | AB58: =IF(COUNTIF(Z:Z, Z58)>1, "Duplicate", "Unique") -> Unique
A59: =D59&"_"&E59&"_"&G59&"_"&J59&"_"&P59 -> 28_1_210622_Fas_p_ep.ba | B59: 49.93818 | C59: 5.94657 | D59: 28 | E59: 1 | F59: NA | G59: 210622 | H59: 2022 | I59: {=_xludf.XLOOKUP(#REF!,'Feuille 16'!A:A,'Feuille 16'!B:B)} -> #NAME? | J59: Fas_p | K59: 029-N-Fas | L59: Passive | M59: Amanda Luttringer | N59: 1 | P59: ep.ba | Q59: Episyrphus balteatus | R59: Stéphanie Lippert | S59: 1 | T59: 0 | U59: 1 | V59: 0 | X59: 020823 | Y59: Morphological | Z59: MNHNL164793 | AA59: december 2024 | AB59: =IF(COUNTIF(Z:Z, Z59)>1, "Duplicate", "Unique") -> Unique
A60: =D60&"_"&E60&"_"&G60&"_"&J60&"_"&P60 -> 109_2_220622_adW_p_ep.ba | B60: 49.57538 | C60: 6.25564 | D60: 109 | E60: 2 | F60: NA | G60: 220622 | H60: 2022 | I60: {=_xludf.XLOOKUP(#REF!,'Feuille 16'!A:A,'Feuille 16'!B:B)} -> #NAME? | J60: adW_p | K60: 113-N-adW | L60: Passive | M60: Stéphanie Lippert | N60: 2 | P60: ep.ba | Q60: Episyrphus balteatus | R60: Amanda Luttringer | S60: 1 | T60: 1 | U60: 0 | V60: 0 | X60: 020823 | Y60: Morphological | Z60: MNHNL164791 | AA60: december 2024 | AB60: =IF(COUNTIF(Z:Z, Z60)>1, "Duplicate", "Unique") -> Unique
A61: =D61&"_"&E61&"_"&G61&"_"&J61&"_"&P61 -> 116_1_250321_Koc_a_ep.ba | B61: 49.55714 | C61: 6.096846 | D61: 116 | E61: 1 | F61: na | G61: 250321 | H61: 2021 | I61: {=_xludf.XLOOKUP(#REF!,'Feuille 16'!A:A,'Feuille 16'!B:B)} -> #NAME? | J61: Koc_a | K61: 111-N-Koc | L61: Active | M61: Hinatea Ariey | N61: 1 | P61: ep.ba | Q61: Episyrphus balteatus | R61: Hinatea Ariey | S61: 1 | T61: 0 | U61: 1 | V61: 0 | X61: 040823 | Y61: Morphological | Z61: MNHNL139510 | AA61: december 2024 | AB61: =IF(COUNTIF(Z:Z, Z61)>1, "Duplicate", "Unique") -> Unique
A62: =D62&"_"&E62&"_"&G62&"_"&J62&"_"&P62 -> 73_1_050722_Giw_a_vo.pe | B62: 49.74613393592379 | C62: 6.490543231802351 | D62: 73 | E62: 1 | F62: NA | G62: 050722 | H62: 2022 | I62: {=_xludf.XLOOKUP(#REF!,'Feuille 16'!A:A,'Feuille 16'!B:B)} -> #NAME? | J62: Giw_a | K62: 075-N-Giw | L62: Active | M62: Chanistya Ayu Purnomo | N62: 1 | O62: V. pellucens | P62: vo.pe | Q62: Volucella pellucens | R62: Chanistya Ayu Purnomo | S62: 1 | T62: 0 | U62: 1 | V62: 0 | X62: 070823 | Y62: Morphological | Z62: MNHNL164776 | AA62: december 2024 | AB62: =IF(COUNTIF(Z:Z, Z62)>1, "Duplicate", "Unique") -> Unique
A63: =D63&"_"&E63&"_"&G63&"_"&J63&"_"&P63 -> 61_1_050722_owA_p_ep.ba | B63: 49.809684 | C63: 6.4734022 | D63: 61 | E63: 1 | F63: NA | G63: 050722 | H63: 2022 | I63: {=_xludf.XLOOKUP(#REF!,'Feuille 16'!A:A,'Feuille 16'!B:B)} -> #NAME? | J63: owA_p | K63: 063-N-oWa | L63: Passive | M63: Amanda Luttringer | N63: 2 | P63: ep.ba | Q63: Episyrphus balteatus | R63: Chanistya Ayu Purnomo | S63: 1 | T63: 0 | U63: 1 | V63: 0 | X63: 120923 | Y63: Morphological | Z63: MNHNL164783 | AA63: december 2024 | AB63: =IF(COUNTIF(Z:Z, Z63)>1, "Duplicate", "Unique") -> Unique
A64: =D64&"_"&E64&"_"&G64&"_"&J64&"_"&P64 -> 5_1_060522_adW_p_rh.ca | B64: 50.13441 | C64: 5.98489 | D64: 5 | E64: 1 | F64: 290422 | G64: 060522 | H64: 2022 | I64: {=_xludf.XLOOKUP(#REF!,'Feuille 16'!A:A,'Feuille 16'!B:B)} -> #NAME? | J64: adW_p | K64: 005-N-adW | L64: Passive | M64: Chanistya Ayu Purnomo | N64: 2 | P64: rh.ca | Q64: Rhingia campestris | R64: Chanistya Ayu Purnomo | S64: 1 | T64: 1 | U64: 0 | V64: 0 | X64: 120923 | Y64: Morphological | Z64: MNHNL168041 | AA64: december 2024 | AB64: =IF(COUNTIF(Z:Z, Z64)>1, "Duplicate", "Unique") -> Unique
A65: =D65&"_"&E65&"_"&G65&"_"&J65&"_"&P65 -> 3_1_220622_Ani_p_ep.ba | B65: 50.15758 | C65: 6.10034 | D65: 3 | E65: 1 | F65: NA | G65: 220622 | H65: 2022 | I65: {=_xludf.XLOOKUP(#REF!,'Feuille 16'!A:A,'Feuille 16'!B:B)} -> #NAME? | J65: Ani_p | K65: 003-N-Ani | L65: Passive | M65: Amanda Luttringer | N65: 1 | P65: ep.ba | Q65: Episyrphus balteatus | R65: Chanistya Ayu Purnomo | S65: 1 | T65: 1 | U65: 0 | V65: 0 | X65: 120923 | Y65: Morphological | Z65: MNHNL164802 | AA65: december 2024 | AB65: =IF(COUNTIF(Z:Z, Z65)>1, "Duplicate", "Unique") -> Unique
A66: =D66&"_"&E66&"_"&G66&"_"&J66&"_"&P66 -> 48_2_080922_Sch_p_rh.ca | B66: 49.84227565924596 | C66: 6.2561133656082095 | D66: 48 | E66: 2 | F66: 010922 | G66: 080922 | H66: 2022 | I66: {=_xludf.XLOOKUP(#REF!,'Feuille 16'!A:A,'Feuille 16'!B:B)} -> #NAME? | J66: Sch_p | K66: 050-N-Sch | L66: Passive | M66: Chanistya Ayu Purnomo | N66: 1 | O66: same code | P66: rh.ca | Q66: Rhingia campestris | R66: Chanistya Ayu Purnomo | S66: 1 | T66: 0 | U66: 1 | V66: 0 | X66: 120923 | Y66: Morphological | Z66: MNHNL168089 | AA66: december 2024 | AB66: =IF(COUNTIF(Z:Z, Z66)>1, "Duplicate", "Unique") -> Unique
A67: =D67&"_"&E67&"_"&G67&"_"&J67&"_"&P67 -> 12_1_220622_Kal_p_ep.ba | B67: 50.10318 | C67: 6.13344 | D67: 12 | E67: 1 | F67: NA | G67: 220622 | H67: 2022 | I67: {=_xludf.XLOOKUP(#REF!,'Feuille 16'!A:A,'Feuille 16'!B:B)} -> #NAME? | J67: Kal_p | K67: 007-R-Kal | L67: Passive | M67: Amanda Luttringer | N67: 15 | P67: ep.ba | Q67: Episyrphus balteatus | R67: Chanistya Ayu Purnomo | S67: 3 | T67: 2 | U67: 1 | V67: 0 | X67: 061023 | Y67: Morphological | Z67: MNHNL164779 | AA67: december 2024 | AB67: =IF(COUNTIF(Z:Z, Z67)>1, "Duplicate", "Unique") -> Unique
A68: =D68&"_"&E68&"_"&G68&"_"&J68&"_"&P68 -> 72_1_050722_Gie_p_ep.ba | B68: 49.78317983556239 | C68: 6.480581774647296 | D68: 72 | E68: 1 | G68: 050722 | H68: 2022 | I68: {=_xludf.XLOOKUP(#REF!,'Feuille 16'!A:A,'Feuille 16'!B:B)} -> #NAME? | J68: Gie_p | K68: 063-R-Gie | L68: Passive | M68: Hinatea Ariey | N68: 14 | P68: ep.ba | Q68: Episyrphus balteatus | R68: Chanistya Ayu Purnomo | S68: 7 | T68: 5 | U68: 2 | V68: 0 | X68: 061023 | Y68: Morphological | Z68: MNHNL164785 | AA68: december 2024 | AB68: =IF(COUNTIF(Z:Z, Z68)>1, "Duplicate", "Unique") -> Unique
A69: =D69&"_"&E69&"_"&G69&"_"&J69&"_"&P69 -> 5_1_210622_adW_p_vo.bo | B69: 50.13441 | C69: 5.98489 | D69: 5 | E69: 1 | G69: 210622 | H69: 2022 | I69: {=_xludf.XLOOKUP(#REF!,'Feuille 16'!A:A,'Feuille 16'!B:B)} -> #NAME? | J69: adW_p | K69: 005-N-adW | L69: Passive | M69: Hinatea Ariey | N69: 3 | P69: vo.bo | Q69: Volucella bombylans | R69: Chanistya Ayu Purnomo | S69: 1 | T69: 1 | U69: 0 | V69: 0 | X69: 061023 | Y69: Morphological | Z69: MNHNL168042 | AA69: december 2024 | AB69: =IF(COUNTIF(Z:Z, Z69)>1, "Duplicate", "Unique") -> Unique
A70: =D70&"_"&E70&"_"&G70&"_"&J70&"_"&P70 -> 80_1_220622_Gee_p_ep.ba | B70: 49.72200558561018 | C70: 6.267144746708126 | D70: 80 | E70: 1 | F70: 160622 | G70: 220622 | H70: 2022 | I70: {=_xludf.XLOOKUP(#REF!,'Feuille 16'!A:A,'Feuille 16'!B:B)} -> #NAME? | J70: Gee_p | K70: 082-R-Gee | L70: Passive | M70: Chanistya Ayu Purnomo | N70: 7 | P70: ep.ba | Q70: Episyrphus balteatus | R70: Chanistya Ayu Purnomo | S70: 1 | T70: 0 | U70: 1 | V70: 0 | X70: 091023 | Y70: Morphological | Z70: MNHNL164773 | AA70: december 2024 | AB70: =IF(COUNTIF(Z:Z, Z70)>1, "Duplicate", "Unique") -> Unique
A71: =D71&"_"&E71&"_"&G71&"_"&J71&"_"&P71 -> 82_1_050722_Joh_p_rh.ca | B71: 49.74084602709187 | C71: 6.389208570246291 | D71: 82 | E71: 1 | G71: 050722 | H71: 2022 | I71: {=_xludf.XLOOKUP(#REF!,'Feuille 16'!A:A,'Feuille 16'!B:B)} -> #NAME? | J71: Joh_p | K71: 073-R-Joh | L71: Passive | M71: Amanda Luttringer | N71: 9 | P71: rh.ca | Q71: Rhingia campestris | R71: Chanistya Ayu Purnomo | S71: 1 | T71: 0 | U71: 1 | V71: 0 | X71: 091023 | Y71: Morphological | Z71: MNHNL168097 | AA71: december 2024 | AB71: =IF(COUNTIF(Z:Z, Z71)>1, "Duplicate", "Unique") -> Unique
A72: =D72&"_"&E72&"_"&G72&"_"&J72&"_"&P72 -> 48_1_080922_Wan_p_rh.ca | B72: 49.871495882489995 | C72: 6.275445643812589 | D72: 48 | E72: 1 | F72: 010922 | G72: 080922 | H72: 2022 | I72: {=_xludf.XLOOKUP(#REF!,'Feuille 16'!A:A,'Feuille 16'!B:B)} -> #NAME? | J72: Wan_p | K72: 041-R-Wan | L72: Passive | M72: Chanistya Ayu Purnomo | N72: 3 | O72: same code | P72: rh.ca | Q72: Rhingia campestris | R72: Chanistya Ayu Purnomo | S72: 1 | T72: 0 | U72: 1 | V72: 0 | X72: 091023 | Y72: Morphological | Z72: MNHNL167984 | AA72: december 2024 | AB72: =IF(COUNTIF(Z:Z, Z72)>1, "Duplicate", "Unique") -> Unique
A73: =D73&"_"&E73&"_"&G73&"_"&J73&"_"&P73 -> 12_1_050522_Kal_p_rh.ca | B73: 50.10318 | C73: 6.13344 | D73: 12 | E73: 1 | F73: 280422 | G73: 050522 | H73: 2022 | I73: {=_xludf.XLOOKUP(#REF!,'Feuille 16'!A:A,'Feuille 16'!B:B)} -> #NAME? | J73: Kal_p | K73: 007-R-Kal | L73: Passive | M73: Chanistya Ayu Purnomo | N73: 6 | P73: rh.ca | Q73: Rhingia campestris | R73: Chanistya Ayu Purnomo | S73: 5 | T73: 5 | U73: 0 | V73: 0 | X73: 091023 | Y73: Morphological | Z73: MNHNL165851 | AA73: december 2024 | AB73: =IF(COUNTIF(Z:Z, Z73)>1, "Duplicate", "Unique") -> Unique
A74: =D74&"_"&E74&"_"&G74&"_"&J74&"_"&P74 -> 64_1_130922_Red_p_rh.ca | B74: 49.76281 | C74: 5.88665 | D74: 64 | E74: 1 | F74: 060922 | G74: 130922 | H74: 2022 | I74: {=_xludf.XLOOKUP(#REF!,'Feuille 16'!A:A,'Feuille 16'!B:B)} -> #NAME? | J74: Red_p | K74: 066-R-Red | L74: Passive | M74: Chanistya Ayu Purnomo | N74: 3 | P74: rh.ca | Q74: Rhingia campestris | R74: Chanistya Ayu Purnomo | S74: 1 | T74: 0 | U74: 1 | V74: 0 | X74: 091023 | Y74: Morphological | Z74: MNHNL168027 | AA74: december 2024 | AB74: =IF(COUNTIF(Z:Z, Z74)>1, "Duplicate", "Unique") -> Unique
A75: =D75&"_"&E75&"_"&G75&"_"&J75&"_"&P75 -> 91_1_240622_Gre_p_ep.ba | B75: 49.654872906515145 | C75: 6.285287046607329 | D75: 91 | E75: 1 | G75: 240622 | H75: 2022 | I75: {=_xludf.XLOOKUP(#REF!,'Feuille 16'!A:A,'Feuille 16'!B:B)} -> #NAME? | J75: Gre_p | K75: 094-R-Gre | L75: Passive | M75: Cédric Simon | N75: 10 | P75: ep.ba | Q75: Episyrphus balteatus | R75: Chanistya Ayu Purnomo | S75: 4 | T75: 3 | U75: 1 | V75: 0 | X75: 091023 | Y75: Morphological | Z75: MNHNL164803 | AA75: december 2024 | AB75: =IF(COUNTIF(Z:Z, Z75)>1, "Duplicate", "Unique") -> Unique
A76: =D76&"_"&E76&"_"&G76&"_"&J76&"_"&P76 -> 91_1_240622_Gre_p_vo.in | B76: 49.654872906515145 | C76: 6.285287046607329 | D76: 91 | E76: 1 | G76: 240622 | H76: 2022 | I76: {=_xludf.XLOOKUP(#REF!,'Feuille 16'!A:A,'Feuille 16'!B:B)} -> #NAME? | J76: Gre_p | K76: 094-R-Gre | L76: Passive | M76: Cédric Simon | N76: 10 | P76: vo.in | Q76: Volucella inflata | R76: Chanistya Ayu Purnomo | S76: 2 | T76: 0 | U76: 2 | V76: 0 | X76: 091023 | Y76: Morphological | Z76: MNHNL164787 | AA76: december 2024 | AB76: =IF(COUNTIF(Z:Z, Z76)>1, "Duplicate", "Unique") -> Unique
A77: =D77&"_"&E77&"_"&G77&"_"&J77&"_"&P77 -> 81_1_260821_Rat_p_ep.ba | B77: 49.72829 | C77: 6.345785 | D77: 81 | E77: 1 | G77: 260821 | H77: 2021 | I77: {=_xludf.XLOOKUP(#REF!,'Feuille 16'!A:A,'Feuille 16'!B:B)} -> #NAME? | J77: Rat_p | K77: 083-N-Rat | L77: Passive | M77: Hinatea Ariey | N77: 2 | P77: ep.ba | Q77: Episyrphus balteatus | R77: Chanistya Ayu Purnomo | S77: 1 | T77: 0 | U77: 1 | V77: 0 | X77: 091023 | Y77: Morphological | Z77: MNHNL164799 | AA77: december 2024 | AB77: =IF(COUNTIF(Z:Z, Z77)>1, "Duplicate", "Unique") -> Unique
A78: =D78&"_"&E78&"_"&G78&"_"&J78&"_"&P78 -> 117_1_300822_Hoo_p_rh.ca | B78: 49.55327 | C78: 6.146631 | D78: 117 | E78: 1 | F78: 240822 | G78: 300822 | H78: 2022 | I78: {=_xludf.XLOOKUP(#REF!,'Feuille 16'!A:A,'Feuille 16'!B:B)} -> #NAME? | J78: Hoo_p | K78: 121-R-Hoo | L78: Passive | M78: Hinatea Ariey | N78: 2 | P78: rh.ca | Q78: Rhingia campestris | R78: Chanistya Ayu Purnomo | S78: 1 | T78: 0 | U78: 1 | V78: 0 | X78: 101023 | Y78: Morphological | Z78: MNHNL167985 | AA78: december 2024 | AB78: =IF(COUNTIF(Z:Z, Z78)>1, "Duplicate", "Unique") -> Unique
A79: =D79&"_"&E79&"_"&G79&"_"&J79&"_"&P79 -> 46_1_050922_Dit_p_rh.ca | B79: 49.83849393366019 | C79: 6.109265363017441 | D79: 46 | E79: 1 | F79: 290822 | G79: 050922 | H79: 2022 | I79: {=_xludf.XLOOKUP(#REF!,'Feuille 16'!A:A,'Feuille 16'!B:B)} -> #NAME? | J79: Dit_p | K79: 048-R-Dit | L79: Passive | M79: Chanistya Ayu Purnomo | N79: 4 | P79: rh.ca | Q79: Rhingia campestris | R79: Chanistya Ayu Purnomo | S79: 1 | T79: 1 | U79: 0 | V79: 0 | X79: 101023 | Y79: Morphological | Z79: MNHNL168026 | AA79: december 2024 | AB79: =IF(COUNTIF(Z:Z, Z79)>1, "Duplicate", "Unique") -> Unique
A80: =D80&"_"&E80&"_"&G80&"_"&J80&"_"&P80 -> 81_1_050922_Kue_p_rh.ca | B80: 49.73875730074977 | C80: 6.29121022806147 | D80: 81 | E80: 1 | F80: 290822 | G80: 050922 | H80: 2022 | I80: {=_xludf.XLOOKUP(#REF!,'Feuille 16'!A:A,'Feuille 16'!B:B)} -> #NAME? | J80: Kue_p | K80: 072-N-Kue | L80: Passive | M80: Amanda Luttringer | N80: 1 | P80: rh.ca | Q80: Rhingia campestris | R80: Chanistya Ayu Purnomo | S80: 1 | T80: 0 | U80: 1 | V80: 0 | X80: 101023 | Y80: Morphological | Z80: MNHNL165841 | AA80: december 2024 | AB80: =IF(COUNTIF(Z:Z, Z80)>1, "Duplicate", "Unique") -> Unique
A81: =D81&"_"&E81&"_"&G81&"_"&J81&"_"&P81 -> 5_1_070922_adW_p_rh.ca | B81: 50.13441 | C81: 5.98489 | D81: 5 | E81: 1 | F81: 010922 | G81: 070922 | H81: 2022 | I81: {=_xludf.XLOOKUP(#REF!,'Feuille 16'!A:A,'Feuille 16'!B:B)} -> #NAME? | J81: adW_p | K81: 005-N-adW | L81: Passive | M81: Chanistya Ayu Purnomo | N81: 3 | P81: rh.ca | Q81: Rhingia campestris | R81: Chanistya Ayu Purnomo | S81: 1 | T81: 0 | U81: 1 | V81: 0 | X81: 101023 | Y81: Morphological | Z81: MNHNL165830 | AA81: december 2024 | AB81: =IF(COUNTIF(Z:Z, Z81)>1, "Duplicate", "Unique") -> Unique
A82: =D82&"_"&E82&"_"&G82&"_"&J82&"_"&P82 -> 95_1_290822_Bru_p_rh.ca | B82: 49.629294 | C82: 6.000515 | D82: 95 | E82: 1 | F82: 220822 | G82: 290822 | H82: 2022 | I82: {=_xludf.XLOOKUP(#REF!,'Feuille 16'!A:A,'Feuille 16'!B:B)} -> #NAME? | J82: Bru_p | K82: 099-N-Bru | L82: Passive | M82: Cédric Simon | N82: 7 | P82: rh.ca | Q82: Rhingia campestris | R82: Chanistya Ayu Purnomo | S82: 2 | T82: 1 | U82: 1 | V82: 0 | X82: 111023 | Y82: Morphological | Z82: MNHNL165815 | AA82: december 2024 | AB82: =IF(COUNTIF(Z:Z, Z82)>1, "Duplicate", "Unique") -> Unique
A83: =D83&"_"&E83&"_"&G83&"_"&J83&"_"&P83 -> 112_1_080722_Gei_p_ep.ba | B83: 49.544335 | C83: 5.8540616 | D83: 112 | E83: 1 | F83: 280622 | G83: 080722 | H83: 2022 | I83: {=_xludf.XLOOKUP(#REF!,'Feuille 16'!A:A,'Feuille 16'!B:B)} -> #NAME? | J83: Gei_p | K83: 116-R-Gei | L83: Passive | M83: Chanistya Ayu Purnomo | N83: 8 | P83: ep.ba | Q83: Episyrphus balteatus | R83: Chanistya Ayu Purnomo | S83: 2 | T83: 1 | U83: 1 | V83: 0 | X83: 111023 | Y83: Morphological | Z83: MNHNL164813 | AA83: december 2024 | AB83: =IF(COUNTIF(Z:Z, Z83)>1, "Duplicate", "Unique") -> Unique
A84: =D84&"_"&E84&"_"&G84&"_"&J84&"_"&P84 -> 96_1_300821_Trans1_p_ep.ba | B84: 49.64594 | C84: 6.01056 | D84: 96 | E84: 1 | F84: 190821 | G84: 300821 | H84: 2021 | I84: {=_xludf.XLOOKUP(#REF!,'Feuille 16'!A:A,'Feuille 16'!B:B)} -> #NAME? | J84: Trans1_p | K84: transekt1 | L84: Passive | M84: Cédric Simon | N84: 18 | P84: ep.ba | Q84: Episyrphus balteatus | R84: Chanistya Ayu Purnomo | S84: 1 | T84: 1 | U84: 0 | V84: 0 | X84: 111023 | Y84: Morphological | Z84: MNHNL164759 | AA84: december 2024 | AB84: =IF(COUNTIF(Z:Z, Z84)>1, "Duplicate", "Unique") -> Unique
A85: =D85&"_"&E85&"_"&G85&"_"&J85&"_"&P85 -> 96_1_300821_Trans1_p_rh.ca | B85: 49.64594 | C85: 6.01056 | D85: 96 | E85: 1 | F85: 190821 | G85: 300821 | H85: 2021 | I85: {=_xludf.XLOOKUP(#REF!,'Feuille 16'!A:A,'Feuille 16'!B:B)} -> #NAME? | J85: Trans1_p | K85: transekt1 | L85: Passive | M85: Cédric Simon | N85: 18 | P85: rh.ca | Q85: Rhingia campestris | R85: Chanistya Ayu Purnomo | S85: 1 | T85: 1 | U85: 0 | V85: 0 | X85: 111023 | Y85: Morphological | Z85: MNHNL165823 | AA85: december 2024 | AB85: =IF(COUNTIF(Z:Z, Z85)>1, "Duplicate", "Unique") -> Unique
A86: =D86&"_"&E86&"_"&G86&"_"&J86&"_"&P86 -> 1_1_210622_Hel_p_rh.ca | B86: 50.16656106173789 | C86: 5.980226383645738 | D86: 1 | E86: 1 | F86: NA | G86: 210622 | H86: 2022 | I86: {=_xludf.XLOOKUP(#REF!,'Feuille 16'!A:A,'Feuille 16'!B:B)} -> #NAME? | J86: Hel_p | K86: 001-R-Hel | L86: Passive | M86: Amanda Luttringer | N86: 10 | P86: rh.ca | Q86: Rhingia campestris | R86: Chanistya Ayu Purnomo | S86: 4 | T86: 1 | U86: 3 | V86: 0 | X86: 111023 | Y86: Morphological | Z86: MNHNL165838 | AA86: december 2024 | AB86: =IF(COUNTIF(Z:Z, Z86)>1, "Duplicate", "Unique") -> Unique
A87: =D87&"_"&E87&"_"&G87&"_"&J87&"_"&P87 -> 106_1_200622_Lan_a_rh.ca | B87: 49.59271 | C87: 6.004637 | D87: 106 | E87: 1 | F87: NA | G87: 200622 | H87: 2022 | I87: {=_xludf.XLOOKUP(#REF!,'Feuille 16'!A:A,'Feuille 16'!B:B)} -> #NAME? | J87: Lan_a | K87: 110-R-Lan | L87: Active | M87: Chanistya Ayu Purnomo | N87: 9 | P87: rh.ca | Q87: Rhingia campestris | R87: Chanistya Ayu Purnomo | S87: 1 | T87: 0 | U87: 1 | V87: 0 | X87: 111023 | Y87: Morphological | Z87: MNHNL168047 | AA87: december 2024 | AB87: =IF(COUNTIF(Z:Z, Z87)>1, "Duplicate", "Unique") -> Unique
A88: =D88&"_"&E88&"_"&G88&"_"&J88&"_"&P88 -> 117_1_050722_Hoo_p_ep.ba | B88: 49.55327 | C88: 6.146631 | D88: 117 | E88: 1 | F88: 270622 | G88: 050722 | H88: 2022 | I88: {=_xludf.XLOOKUP(#REF!,'Feuille 16'!A:A,'Feuille 16'!B:B)} -> #NAME? | J88: Hoo_p | K88: 121-R-Hoo | L88: Passive | M88: Chanistya Ayu Purnomo | N88: 4 | P88: ep.ba | Q88: Episyrphus balteatus | R88: Chanistya Ayu Purnomo | S88: 1 | T88: 1 | U88: 0 | V88: 0 | X88: 121023 | Y88: Morphological | Z88: MNHNL164777 | AA88: december 2024 | AB88: =IF(COUNTIF(Z:Z, Z88)>1, "Duplicate", "Unique") -> Unique
A89: =D89&"_"&E89&"_"&G89&"_"&J89&"_"&P89 -> 101_1_240622_odF_p_ep.ba | B89: 49.648975 | C89: 6.416152 | D89: 101 | E89: 1 | G89: 240622 | H89: 2022 | I89: {=_xludf.XLOOKUP(#REF!,'Feuille 16'!A:A,'Feuille 16'!B:B)} -> #NAME? | J89: odF_p | K89: 095-R-odF | L89: Passive | M89: Cédric Simon | N89: 8 | P89: ep.ba | Q89: Episyrphus balteatus | R89: Chanistya Ayu Purnomo | S89: 1 | T89: 0 | U89: 1 | V89: 0 | X89: 121023 | Y89: Morphological | Z89: MNHNL164758 | AA89: december 2024 | AB89: =IF(COUNTIF(Z:Z, Z89)>1, "Duplicate", "Unique") -> Unique
A90: =D90&"_"&E90&"_"&G90&"_"&J90&"_"&P90 -> 14_1_200622_Bai_p_rh.ca | B90: 50.018691 | C90: 5.921794 | D90: 14 | E90: 1 | F90: 140622 | G90: 200622 | H90: 2022 | I90: {=_xludf.XLOOKUP(#REF!,'Feuille 16'!A:A,'Feuille 16'!B:B)} -> #NAME? | J90: Bai_p | K90: 014-R-Bai | L90: Passive | M90: Chanistya Ayu Purnomo | N90: 11 | P90: rh.ca | Q90: Rhingia campestris | R90: Chanistya Ayu Purnomo | S90: 2 | T90: 0 | U90: 2 | V90: 0 | X90: 121023 | Y90: Morphological | Z90: MNHNL165840 | AA90: december 2024 | AB90: =IF(COUNTIF(Z:Z, Z90)>1, "Duplicate", "Unique") -> Unique
A91: =D91&"_"&E91&"_"&G91&"_"&J91&"_"&P91 -> 9_1_120922_ioA_p_rh.ca | B91: 50.09726 | C91: 5.90267 | D91: 9 | E91: 1 | F91: 050922 | G91: 120922 | H91: 2022 | I91: {=_xludf.XLOOKUP(#REF!,'Feuille 16'!A:A,'Feuille 16'!B:B)} -> #NAME? | J91: ioA_p | K91: 004-N-ioA | L91: Passive | M91: Amanda Luttringer | N91: 3 | P91: rh.ca | Q91: Rhingia campestris | R91: Chanistya Ayu Purnomo | S91: 1 | T91: 0 | U91: 1 | V91: 0 | X91: 131023 | Y91: Morphological | Z91: MNHNL165829 | AA91: december 2024 | AB91: =IF(COUNTIF(Z:Z, Z91)>1, "Duplicate", "Unique") -> Unique
A92: =D92&"_"&E92&"_"&G92&"_"&J92&"_"&P92 -> 10_1_120922_iKo_p_rh.ca | B92: 50.09977 | C92: 5.94047 | D92: 10 | E92: 1 | F92: 050922 | G92: 120922 | H92: 2022 | I92: {=_xludf.XLOOKUP(#REF!,'Feuille 16'!A:A,'Feuille 16'!B:B)} -> #NAME? | J92: iKo_p | K92: 005-N-iKo | L92: Passive | M92: Amanda Luttringer | N92: 4 | P92: rh.ca | Q92: Rhingia campestris | R92: Chanistya Ayu Purnomo | S92: 1 | T92: 0 | U92: 1 | V92: 0 | X92: 131023 | Y92: Morphological | Z92: MNHNL167998 | AA92: december 2024 | AB92: =IF(COUNTIF(Z:Z, Z92)>1, "Duplicate", "Unique") -> Unique
A93: =D93&"_"&E93&"_"&G93&"_"&J93&"_"&P93 -> 10_1_120922_iKo_p_ep.ba | B93: 50.09977 | C93: 5.94047 | D93: 10 | E93: 1 | F93: 050922 | G93: 120922 | H93: 2022 | I93: {=_xludf.XLOOKUP(#REF!,'Feuille 16'!A:A,'Feuille 16'!B:B)} -> #NAME? | J93: iKo_p | K93: 005-N-iKo | L93: Passive | M93: Amanda Luttringer | N93: 4 | P93: ep.ba | Q93: Episyrphus balteatus | R93: Chanistya Ayu Purnomo | S93: 1 | T93: 0 | U93: 1 | V93: 0 | X93: 131023 | Y93: Morphological | Z93: MNHNL164798 | AA93: december 2024 | AB93: =IF(COUNTIF(Z:Z, Z93)>1, "Duplicate", "Unique") -> Unique
A94: =D94&"_"&E94&"_"&G94&"_"&J94&"_"&P94 -> 124_1_010922_Ang_p_rh.ca | B94: 49.48856 | C94: 6.06479 | D94: 124 | E94: 1 | F94: 260822 | G94: 010922 | H94: 2022 | I94: {=_xludf.XLOOKUP(#REF!,'Feuille 16'!A:A,'Feuille 16'!B:B)} -> #NAME? | J94: Ang_p | K94: 128-R-Ang | L94: Passive | M94: Chanistya Ayu Purnomo | N94: 7 | P94: rh.ca | Q94: Rhingia campestris | R94: Chanistya Ayu Purnomo | S94: 2 | T94: 0 | U94: 2 | V94: 0 | X94: 131023 | Y94: Morphological | Z94: MNHNL168039 | AA94: december 2024 | AB94: =IF(COUNTIF(Z:Z, Z94)>1, "Duplicate", "Unique") -> Unique
A95: =D95&"_"&E95&"_"&G95&"_"&J95&"_"&P95 -> 64_1_210622_Red_p_rh.ca | B95: 49.76281 | C95: 5.88665 | D95: 64 | E95: 1 | F95: 150622 | G95: 210622 | H95: 2022 | I95: {=_xludf.XLOOKUP(#REF!,'Feuille 16'!A:A,'Feuille 16'!B:B)} -> #NAME? | J95: Red_p | K95: 066-R-Red | L95: Passive | M95: Chanistya Ayu Purnomo | N95: 8 | P95: rh.ca | Q95: Rhingia campestris | R95: Chanistya Ayu Purnomo | S95: 4 | T95: 0 | U95: 4 | V95: 0 | X95: 131023 | Y95: Morphological | Z95: MNHNL167989 | AA95: december 2024 | AB95: =IF(COUNTIF(Z:Z, Z95)>1, "Duplicate", "Unique") -> Unique
A96: =D96&"_"&E96&"_"&G96&"_"&J96&"_"&P96 -> 91_1_240622_Hie_p_ep.ba | B96: 49.668226 | C96: 6.3193787 | D96: 91 | E96: 1 | G96: 240622 | H96: 2022 | I96: {=_xludf.XLOOKUP(#REF!,'Feuille 16'!A:A,'Feuille 16'!B:B)} -> #NAME? | J96: Hie_p | K96: 094-N-Hie | L96: Passive | M96: Cédric Simon | N96: 4 | P96: ep.ba | Q96: Episyrphus balteatus | R96: Chanistya Ayu Purnomo | S96: 3 | T96: 2 | U96: 1 | V96: 0 | X96: 131023 | Y96: Morphological | Z96: MNHNL164760 | AA96: december 2024 | AB96: =IF(COUNTIF(Z:Z, Z96)>1, "Duplicate", "Unique") -> Unique
A97: =D97&"_"&E97&"_"&G97&"_"&J97&"_"&P97 -> 72_1_260822_Gie_p_rh.ro | B97: 49.78317983556239 | C97: 6.480581774647296 | D97: 72 | E97: 1 | F97: 190822 | G97: 260822 | H97: 2022 | I97: {=_xludf.XLOOKUP(#REF!,'Feuille 16'!A:A,'Feuille 16'!B:B)} -> #NAME? | J97: Gie_p | K97: 063-R-Gie | L97: Passive | M97: Amanda Luttringer | N97: 3 | P97: rh.ro | Q97: Rhingia rostrata | R97: Hinatea Ariey | S97: 1 | T97: 0 | U97: 1 | V97: 0 | W97: ID rh.ca before, but was wrong | X97: 050324 | Y97: Morphological | Z97: MNHNL128729 | AA97: december 2024 | AB97: =IF(COUNTIF(Z:Z, Z97)>1, "Duplicate", "Unique") -> Unique
A98: =D98&"_"&E98&"_"&G98&"_"&J98&"_"&P98 -> 113_1_060722_iWa_p_ep.ba | B98: 49.52497 | C98: 5.88239 | D98: 113 | E98: 1 | F98: 280622 | G98: 060722 | H98: 2022 | I98: {=_xludf.XLOOKUP(#REF!,'Feuille 16'!A:A,'Feuille 16'!B:B)} -> #NAME? | J98: iWa_p | K98: 117-N-iWa | L98: Passive | M98: Chanistya Ayu Purnomo | N98: 1 | P98: ep.ba | Q98: Episyrphus balteatus | R98: Chanistya Ayu Purnomo | S98: 1 | T98: 0 | U98: 1 | V98: 0 | X98: 131023 | Y98: Morphological | Z98: MNHNL164769 | AA98: december 2024 | AB98: =IF(COUNTIF(Z:Z, Z98)>1, "Duplicate", "Unique") -> Unique
A99: =D99&"_"&E99&"_"&G99&"_"&J99&"_"&P99 -> 124_2_060722_Hie_p_ep.ba | B99: 49.49419 | C99: 6.024275 | D99: 124 | E99: 2 | F99: 280622 | G99: 060722 | H99: 2022 | I99: {=_xludf.XLOOKUP(#REF!,'Feuille 16'!A:A,'Feuille 16'!B:B)} -> #NAME? | J99: Hie_p | K99: 128-N-Hie | L99: Passive | M99: Chanistya Ayu Purnomo | N99: 1 | P99: ep.ba | Q99: Episyrphus balteatus | R99: Chanistya Ayu Purnomo | S99: 1 | T99: 1 | U99: 0 | V99: 0 | X99: 131023 | Y99: Morphological | Z99: MNHNL164784 | AA99: december 2024 | AB99: =IF(COUNTIF(Z:Z, Z99)>1, "Duplicate", "Unique") -> Unique
A100: =D100&"_"&E100&"_"&G100&"_"&J100&"_"&P100 -> 100_1_250821_Gre_p_ep.ba | B100: 49.65487 | C100: 6.285287 | D100: 100 | E100: 1 | F100: 170821 | G100: 250821 | H100: 2021 | I100: {=_xludf.XLOOKUP(#REF!,'Feuille 16'!A:A,'Feuille 16'!B:B)} -> #NAME? | J100: Gre_p | K100: 094-R-Gre | L100: Passive | N100: 8 | O100: Episyrphus balteatus | P100: ep.ba | Q100: Episyrphus balteatus | R100: Hinatea Ariey | S100: 1 | T100: 0 | U100: 1 | V100: 0 | X100: 2023 | Y100: Morphological | Z100: MNHNL139511 | AA100: december 2024 | AB100: =IF(COUNTIF(Z:Z, Z100)>1, "Duplicate", "Unique") -> Unique
...

Sheet Feuille 16
B1: Collectors S1
A2: 001-R-Hel050522 | B2: Fernanda Herrera Mesias, Alena Susic
A3: 007-R-Kal050522 | B3: Fernanda Herrera Mesias, Alena Susic
A4: 002-N-iCo050522 | B4: Fernanda Herrera Mesias, Alena Susic
A5: 003-N-Ani050522 | B5: Fernanda Herrera Mesias, Alena Susic
A6: 005-N-adW060522 | B6: Fernanda Herrera Mesias, Alena Susic
A7: 006-N-odW060522 | B7: Fernanda Herrera Mesias, Alena Susic
A8: 014-R-Bai210422 | B8: Danielle Dolisy, Imen Kharrat
A9: 004-N-ioA210422 | B9: Danielle Dolisy, Imen Kharrat
A10: 005-N-iKo210422 | B10: Danielle Dolisy, Imen Kharrat
A11: 010-N-Ahe210422 | B11: Danielle Dolisy, Imen Kharrat
A12: 011-N-Den210422 | B12: Danielle Dolisy, Imen Kharrat
A13: 011-N-idR210422 | B13: Danielle Dolisy, Imen Kharrat
A14: 044-R-Och190422
A15: 054-R-udA190422
A16: 022-N-aHa190422
A17: 029-N-Fas190422
A18: 034-N-ikWx
A19: 043-N-Der190422
A20: 046-N-Don030522 | B20: Fernanda Herrera Mesias, Alena Susic
A21: 047-N-Sai030522 | B21: Fernanda Herrera Mesias, Alena Susic
A22: 057-N-Gro030522 | B22: Fernanda Herrera Mesias, Alena Susic
A23: 048-R-Dit030522 | B23: Fernanda Herrera Mesias, Alena Susic
A24: 047-N-War30522 | B24: Fernanda Herrera Mesias, Alena Susic
A25: 068-N-Mes30522 | B25: Fernanda Herrera Mesias, Alena Susic
A26: 041-R-Wanx
A27: 050-N-Schx
A28: 024-R-Saux
A29: 012-N-idBx
A30: 025-N-idFx
A31: 033-N-Aflx
A32: 066-R-Red190422 | B32: Danielle Dolisy, Imen Kharrat
A33: 067-N-Wie190422 | B33: Danielle Dolisy, Imen Kharrat
A34: 089-R-Koe190422 | B34: Danielle Dolisy, Imen Kharrat
A35: 066-N-Bec190422 | B35: Danielle Dolisy, Imen Kharrat
A36: 067-N-Sae190422 | B36: Danielle Dolisy, Imen Kharrat
A37: 077-N-JWW190422 | B37: Danielle Dolisy, Imen Kharrat
A38: 091-N-Bri200422 | B38: Danielle Dolisy, Imen Kharrat
A39: 069-N-Meh200422 | B39: Danielle Dolisy, Imen Kharrat
A40: 099-N-Bru200422 | B40: Danielle Dolisy, Imen Kharrat
A41: 079-R-Roe200422 | B41: Danielle Dolisy, Imen Kharrat
A42: 082-R-Gee200422 | B42: Danielle Dolisy, Imen Kharrat
A43: 090-R-AdH200422 | B43: Danielle Dolisy, Imen Kharrat
... A49: 063-N-oWa200422 | B49: Fernanda Herrera Mesias, Alena Susic
A50: 0-0-0
A51: 110-R-Lan190422 | B51: Fernanda Herrera Mesias, Alena Susic
A52: 098-R-Mou190422 | B52: Fernanda Herrera Mesias, Alena Susic
A53: 100-R-Tos190422 | B53: Fernanda Herrera Mesias, Alena Susic
A54: 088-N-Ste190422 | B54: Fernanda Herrera Mesias, Alena Susic
A55: 088-N-Eec190422 | B55: Fernanda Herrera Mesias, Alena Susic
A56: 093-N-Kei220422 | B56: Fernanda Herrera Mesias, Alena Susic
A57: 094-R-Gre220422 | B57: Fernanda Herrera Mesias, Alena Susic
A58: 095-R-odF200422 | B58: Fernanda Herrera Mesias, Alena Susic
A59: 104-N-Can220422 | B59: Fernanda Herrera Mesias, Alena Susic
A60: 094-N-Hie220422 | B60: Fernanda Herrera Mesias, Alena Susic
A61: 096-N-adG200422 | B61: Fernanda Herrera Mesias, Alena Susic
A62: 105-N-Gel220422 | B62: Fernanda Herrera Mesias, Alena Susic
A63: 102-R-KloG230422
A64: 110-N-Buc050522
A65: 121-R-Hoo050522
A66: 120-N-BAB050522
A67: 120-N-Bet050522
A68: 123-R-Mac060522
A69: 133-R-Bag210422
A70: 113-N-adW210422
A71: 123-N-Bue210422
A72: 132-N-aLa240422
A73: 132-N-usW210422
A74: 118-R-Aes050522
... A147: 105-N-Gel240622
A148: 102-R-KloG50722 | B148: Danielle Dolisy, Imen Kharrat, Hinatea Ariey
A149: 110-N-Buc050722 | B149: Danielle Dolisy, Imen Kharrat, Hinatea Ariey
A150: 121-R-Hoo050722 | B150: Danielle Dolisy, Imen Kharrat, Hinatea Ariey
A151: 120-N-BAB50722 | B151: Danielle Dolisy, Imen Kharrat, Hinatea Ariey
A152: 120-N-Bet50722 | B152: Danielle Dolisy, Imen Kharrat, Hinatea Ariey
A153: 123-R-Macx
A154: 133-R-Bag220622
A155: 113-N-adW220622
A156: 123-N-Bue220622
A157: 132-N-aLa220622
A158: 132-N-usW220622
A159: 118-R-Aes060722 | B159: Danielle Dolisy, Hinatea Ariey
A160: 128-N-Hie060722 | B160: Danielle Dolisy, Hinatea Ariey
A161: 128-N-Loo060722 | B161: Danielle Dolisy, Hinatea Ariey
A162: 128-R-Ang060722 | B162: Danielle Dolisy, Hinatea Ariey
A163: 117-N-iWa080722 | B163: Danielle Dolisy, Hinatea Ariey
A164: 116-R-Gei080722 | B164: Danielle Dolisy, Hinatea Ariey
A165: 117-N-Wei 080722 | B165: Danielle Dolisy, Hinatea Ariey
A166: 051-N-Rei070722
A167: 072-N-Kue050722
A168: 061-N-Sei050723
A169: 073-N-iLi050724
A170: 082-N-aDu050725
A171: 074-N-Swi070722
A172: 001-R-Hel070922 | B172: Fernanda Herrera-Mesías, Alena Susic
A173: 007-R-Kal070922 | B173: Fernanda Herrera-Mesías, Alena Susic
A174: 002-N-iCo070922 | B174: Fernanda Herrera-Mesías, Alena Susic
A175: 003-N-Ani070922 | B175: Fernanda Herrera-Mesías, Alena Susic
A176: 005-N-adW070922 | B176: Fernanda Herrera-Mesías, Alena Susic
A177: 006-N-odW070922 | B177: Fernanda Herrera-Mesías, Alena Susic
...

Sheet 2021
A1: Name | B1: Latitude | C1: Longitude | D1: CELL | E1: STATION | G1: Season 1 | J1: Collectors S1 | K1: Team S1 | L1: Season 2 | O1: Collectors S2 | P1: Team S2 | Q1: Season 3 | T1: Collectors S3 | U1: Team S3 | W1: date on jar
A2: 001-N-Fol | B2: 50.15681 | C2: 5.999387 | D2: 1 | E2: 1 | G2: 130421 | H2: 220421 | I2: =A2&H2 -> 001-N-Fol220421 | J2: Kaja Joeris | K2: B | L2: 170621 | M2: 300621 | N2: =A2&M2 -> 001-N-Fol300621 | O2: Elena Breitenberger, Dylan Thyssen | P2: B | Q2: 10921 | R2: 070921 | S2: =A2&R2 -> 001-N-Fol070921 | T2: Fernanda Herrera-Mesías, Frida Pallapies | U2: B
A3: 001-R-Hel | B3: 50.16656 | C3: 5.980226 | D3: 1 | E3: 1 | G3: 130421 | H3: 220421 | I3: =A3&H3 -> 001-R-Hel220421 | J3: Kaja Joeris | K3: B | L3: 160621 | M3: 300621 | N3: =A3&M3 -> 001-R-Hel300621 | O3: Elena Breitenberger, Dylan Thyssen | P3: B | Q3: 10921 | R3: 070921 | S3: =A3&R3 -> 001-R-Hel070921 | T3: Fernanda Herrera-Mesías, Frida Pallapies | U3: B
A4: 002-N-adS | B4: 50.1682 | C4: 6.013868 | D4: 2 | E4: 1 | G4: 130421 | H4: 220421 | I4: =A4&H4 -> 002-N-adS220421 | J4: Kaja Joeris | K4: B | L4: 160621 | M4: 300621 | N4: =A4&M4 -> 002-N-adS300621 | O4: Elena Breitenberger, Dylan Thyssen | P4: B | Q4: 10921 | R4: 070921 | S4: =A4&R4 -> 002-N-adS070921 | T4: Fernanda Herrera-Mesías, Frida Pallapies | U4: B
A5: 006-N-Con | B5: 50.13374 | C5: 6.047537 | D5: 6 | E5: 1 | G5: 130421 | H5: 220421 | I5: =A5&H5 -> 006-N-Con220421 | J5: Kaja Joeris | K5: B | L5: 170621 | M5: 300621 | N5: =A5&M5 -> 006-N-Con300621 | O5: Elena Breitenberger, Dylan Thyssen | P5: B | Q5: 20921 | R5: 080921 | S5: =A5&R5 -> 006-N-Con080921 | T5: Fernanda Herrera-Mesías, Frida Pallapies | U5: B
A6: 007-N-Gei | B6: 50.1339 | C6: 6.113742 | D6: 7 | E6: 2 | G6: 140421 | H6: 220421 | I6: =A6&H6 -> 007-N-Gei220421 | J6: Kaja Joeris | K6: B | L6: 170621 | M6: 300621 | N6: =A6&M6 -> 007-N-Gei300621 | O6: Elena Breitenberger, Dylan Thyssen | P6: B | Q6: 20921 | R6: 080921 | S6: =A6&R6 -> 007-N-Gei080921 | T6: Fernanda Herrera-Mesías, Frida Pallapies | U6: B
A7: 007-R-Kal | B7: 50.10318 | C7: 6.13344 | D7: 12 | E7: 1 | G7: 140421 | H7: 220421 | I7: =A7&H7 -> 007-R-Kal220421 | J7: Kaja Joeris | K7: B | L7: 160621 | M7: 300621 | N7: =A7&M7 -> 007-R-Kal300621 | O7: Elena Breitenberger, Dylan Thyssen | P7: B | Q7: 10921 | R7: 070921 | S7: =A7&R7 -> 007-R-Kal070921 | T7: Fernanda Herrera-Mesías, Frida Pallapies | U7: B
A8: 012-N-Hei | B8: 50.09435 | C8: 6.07863 | D8: 12 | E8: 1 | G8: 140421 | H8: 220421 | I8: =A8&H8 -> 012-N-Hei220421 | J8: Kaja Joeris | K8: B | L8: 160621 | M8: 300621 | N8: =A8&M8 -> 012-N-Hei300621 | O8: Elena Breitenberger, Dylan Thyssen | P8: B | Q8: 20921 | R8: 080921 | S8: =A8&R8 -> 012-N-Hei080921 | T8: Fernanda Herrera-Mesías, Frida Pallapies | U8: B
A9: 008-N-Hab | B9: 50.05841 | C9: 5.860713 | D9: 13 | E9: 1 | G9: 130421 | H9: 270421 | I9: =A9&H9 -> 008-N-Hab270421 | J9: Imen Kharrat, Alex Weigand, Danielle Dolisy | K9: A | L9: 140621 | M9: 210621 | N9: =A9&M9 -> 008-N-Hab210621 | O9: Imen Kharrat, Danielle Dolisy | P9: A | Q9: 310821 | R9: 070921 | S9: =A9&R9 -> 008-N-Hab070921 | T9: Danielle Dolisy, Imen Kharrat | U9: A
A10: 009-N-Ram | B10: 50.06473 | C10: 5.910962 | D10: 9 | E10: 1 | G10: 130421 | H10: 280421 | I10: =A10&H10 -> 009-N-Ram280421 | J10: Imen Kharrat, Alex Weigand, Danielle Dolisy | K10: A | L10: 140621 | M10: 210621 | N10: =A10&M10 -> 009-N-Ram210621 | O10: Imen Kharrat, Danielle Dolisy | P10: A | Q10: 310821 | R10: 070921 | S10: =A10&R10 -> 009-N-Ram070921 | T10: Danielle Dolisy, Imen Kharrat | U10: A
A11: 014-N-Mue | B11: 50.02771 | C11: 5.865552 | D11: 14 | E11: 1 | G11: 130421 | H11: 280421 | I11: =A11&H11 -> 014-N-Mue280421 | J11: Imen Kharrat, Alex Weigand, Danielle Dolisy | K11: A | L11: 140621 | M11: 210621 | N11: =A11&M11 -> 014-N-Mue210621 | O11: Imen Kharrat, Danielle Dolisy | P11: A | Q11: 310821 | R11: 070921 | S11: =A11&R11 -> 014-N-Mue070921 | T11: Danielle Dolisy, Imen Kharrat | U11: A
A12: 014-R-Bai | B12: 50.01869 | C12: 5.921794 | D12: 14 | E12: 1 | G12: 130421 | H12: 270421 | I12: =A12&H12 -> 014-R-Bai270421 | J12: Imen Kharrat, Alex Weigand, Danielle Dolisy | K12: A | L12: 140621 | M12: 210621 | N12: =A12&M12 -> 014-R-Bai210621 | O12: Imen Kharrat, Danielle Dolisy | P12: A | Q12: 310821 | R12: 070921 | S12: =A12&R12 -> 014-R-Bai070921 | T12: Danielle Dolisy, Imen Kharrat | U12: A
A13: 016-N-Fen | B13: 50.04119 | C13: 6.008988 | D13: 16 | E13: 1 | G13: 130421 | H13: 270421 | I13: =A13&H13 -> 016-N-Fen270421 | J13: Imen Kharrat, Alex Weigand, Danielle Dolisy | K13: A | L13: 140621 | M13: 210621 | N13: =A13&M13 -> 016-N-Fen210621 | O13: Imen Kharrat, Danielle Dolisy | P13: A | Q13: 310821 | R13: 070921 | S13: =A13&R13 -> 016-N-Fen070921 | T13: Danielle Dolisy, Imen Kharrat | U13: A
... A20: 055-N-Eer | B20: 49.81286 | C20: 5.924067 | D20: 53 | E20: 1 | G20: 140421 | H20: 200421 | I20: =A20&H20 -> 055-N-Eer200421 | J20: Caroline Grounds, Dylan Thissen, Balint Andrasi, Senyu Zhu | K20: C | L20: 150621 | M20: 220621 | N20: =A20&M20 -> 055-N-Eer220621 | O20: Dylan Thissen, Caroline Grounds | P20: C | Q20: 310821 | R20: 070921 | S20: =A20&R20 -> 055-N-Eer070921 | T20: Dylan Thissen, Tabea Theis | U20: C
A21: 056-N-Hon | B21: 49.79059 | C21: 5.951342 | D21: 54 | E21: 1 | I21: =A21&H21 -> 056-N-Hon | N21: =A21&M21 -> 056-N-Hon | S21: =A21&R21 -> 056-N-Hon
A22: 056-N-Pre | B22: 49.80236 | C22: 5.948428 | D22: 54 | E22: 1 | I22: =A22&H22 -> 056-N-Pre | N22: =A22&M22 -> 056-N-Pre | S22: =A22&R22 -> 056-N-Pre
A23: 046-N-Don | B23: 49.84038 | C23: 5.981982 | D23: 44 | E23: 1 | I23: =A23&H23 -> 046-N-Don | N23: =A23&M23 -> 046-N-Don | S23: =A23&R23 -> 046-N-Don
A24: 046-N-Neu | B24: 49.84043 | C24: 5.945002 | D24: 44 | E24: 1 | I24: =A24&H24 -> 046-N-Neu | N24: =A24&M24 -> 046-N-Neu | S24: =A24&R24 -> 046-N-Neu
A25: 046-N-Haa | B25: 49.84005 | C25: 5.963105 | D25: 44 | E25: 1 | I25: =A25&H25 -> 046-N-Haa | N25: =A25&M25 -> 046-N-Haa | S25: =A25&R25 -> 046-N-Haa
A26: 047-N-Sai | B26: 49.82748 | C26: 6.012677 | D26: 55 | E26: 1 | I26: =A26&H26 -> 047-N-Sai | N26: =A26&M26 -> 047-N-Sai | S26: =A26&R26 -> 047-N-Sai
A27: 047-N-War | B27: 49.86547 | C27: 6.04727 | D27: 45 | E27: 2 | G27: 10421 | H27: 80421 | I27: =A27&H27 -> 047-N-War80421 | J27: Kaja Joeris | K27: B | L27: 140621 | M27: 250621 | N27: =A27&M27 -> 047-N-War250621 | O27: Elena Breitenberger, S Ogan | P27: B | Q27: 310921 | R27: 61021 | S27: =A27&R27 -> 047-N-War61021 | T27: Fernanda Herrera-Mesías, Frida Pallapies | U27: B | W27: 60921 | X27: solved, no syrphidae found for S3
A28: 048-N-Kie | B28: 49.83343 | C28: 6.136983 | D28: 56 | E28: 1 | G28: 10422 | H28: 80421 | I28: =A28&H28 -> 048-N-Kie80421 | J28: Kaja Joeris | K28: B | L28: 150621 | M28: 250621 | N28: =A28&M28 -> 048-N-Kie250621 | O28: Dylan Thissen, Caroline Grounds, Elena Breitenberger | P28: C | Q28: 310921 | R28: 61021 | S28: =A28&R28 -> 048-N-Kie61021 | T28: Fernanda Herrera-Mesías, Frida Pallapies | U28: B | W28: 60921 | X28: Problem
A29: 048-R-Dit | B29: 49.83849 | C29: 6.109265 | D29: 46 | E29: 1 | G29: 10421 | H29: 80421 | I29: =A29&H29 -> 048-R-Dit80421 | J29: Kaja Joeris | K29: B | L29: 140621 | M29: 250621 | N29: =A29&M29 -> 048-R-Dit250621 | O29: Dylan Thissen, Caroline Grounds, Elena Breitenberger | P29: C | Q29: 310921 | R29: 61021 | S29: =A29&R29 -> 048-R-Dit61021 | T29: Fernanda Herrera-Mesías, Frida Pallapies | U29: B
A30: 056-N-Tho | B30: 49.8215 | C30: 5.981009 | D30: 54 | E30: 1 | I30: =A30&H30 -> 056-N-Tho | N30: =A30&M30 -> 056-N-Tho | S30: =A30&R30 -> 056-N-Tho
A31: 057-N-Kie | B31: 49.78586 | C31: 6.067229 | D31: 66 | E31: 2 | I31: =A31&H31 -> 057-N-Kie | N31: =A31&M31 -> 057-N-Kie | S31: =A31&R31 -> 057-N-Kie
A32: 057-N-Maa | B32: 49.79563 | C32: 6.053376 | D32: 55 | E32: 1 | G32: 10420 | H32: 80421 | I32: =A32&H32 -> 057-N-Maa80421 | J32: Kaja Joeris | K32: B | L32: 150621 | M32: 250621 | N32: =A32&M32 -> 057-N-Maa250621 | O32: Dylan Thissen, Caroline Grounds, Elena Breitenberger | P32: C | Q32: 310921 | R32: 61021 | S32: =A32&R32 -> 057-N-Maa61021 | T32: Fernanda Herrera-Mesías, Frida Pallapies | U32: B | W32: 060921 | X32: Problem
A33: 058-N-Gro | B33: 49.78884 | C33: 6.078819 | D33: 67 | E33: 2 | G33: 10421 | H33: 80421 | I33: =A33&H33 -> 058-N-Gro80421 | J33: Kaja Joeris | K33: B | L33: 140621 | M33: 250621 | N33: =A33&M33 -> 058-N-Gro250621 | O33: Elena Breitenberger, S Ogan | P33: B | Q33: 310921 | R33: 61021 | S33: =A33&R33 -> 058-N-Gro61021 | T33: Fernanda Herrera-Mesías, Frida Pallapies | U33: B | W33: 250621 | X33: solved
A34: 030-N-adK | B34: 49.94568 | C34: 6.032212 | D34: 29 | E34: 2 | G34: 140421 | H34: 200421 | I34: =A34&H34 -> 030-N-adK200421 | J34: Caroline Grounds, Balint Andrasi, Dylan Thissen | K34: C | L34: 150621 | M34: 220621 | N34: =A34&M34 -> 030-N-adK220621 | O34: Dylan Thissen, Caroline Grounds | P34: C | Q34: 20921 | R34: 090921 | S34: =A34&R34 -> 030-N-adK090921 | T34: Dylan Thissen, Tabea Theis | U34: C
A35: 032-N-Sch | B35: 49.92203 | C35: 6.144177 | D35: 39 | E35: 3 | G35: 150421 | H35: 220421 | I35: =A35&H35 -> 032-N-Sch220421 | J35: Caroline Grounds, Balint Andrasi, Dylan Thissen | K35: C | L35: 150621 | M35: 220621 | N35: =A35&M35 -> 032-N-Sch220621 | O35: Dylan Thissen, Caroline Grounds | P35: C | Q35: 20921 | R35: 100921 | S35: =A35&R35 -> 032-N-Sch100921 | T35: Dylan Thissen, Tabea Theis | U35: C
A36: 040-N-Mar | B36: 49.89874 | C36: 6.208736 | D36: 39 | E36: 1 | G36: 150421 | H36: 220421 | I36: =A36&H36 -> 040-N-Mar220421 | J36: Caroline Grounds, Balint Andrasi, Dylan Thissen | K36: C | L36: 160621 | M36: 240621 | N36: =A36&M36 -> 040-N-Mar240621 | O36: Dylan Thissen, Caroline Grounds | P36: C | Q36: 20921 | R36: 100921 | S36: =A36&R36 -> 040-N-Mar100921 | T36: Dylan Thissen, Tabea Theis | U36: C
A37: 040-N-Tan | B37: 49.88991 | C37: 6.188913 | D37: 39 | E37: 1 | G37: 150421 | H37: 220421 | I37: =A37&H37 -> 040-N-Tan220421 | J37: Caroline Grounds, Balint Andrasi, Dylan Thissen | K37: C | L37: 160621 | M37: 240621 | N37: =A37&M37 -> 040-N-Tan240621 | O37: Dylan Thissen, Caroline Grounds | P37: C | Q37: 020921 | R37: 100921 | S37: =A37&R37 -> 040-N-Tan100921 | T37: Dylan Thissen, Tabea Theis | U37: C
A38: 041-R-Wan | B38: 49.8715 | C38: 6.275446 | D38: 48 | E38: 1 | G38: 150421 | H38: 220421 | I38: =A38&H38 -> 041-R-Wan220421 | J38: Caroline Grounds, Balint Andrasi, Dylan Thissen | K38: C | L38: 160621 | M38: 240621 | N38: =A38&M38 -> 041-R-Wan240621 | O38: Dylan Thissen, Caroline Grounds | P38: C | Q38: 20921 | R38: 100921 | S38: =A38&R38 -> 041-R-Wan100921 | T38: Dylan Thissen, Tabea Theis | U38: C
A39: 050-N-Sch | B39: 49.84228 | C39: 6.256113 | D39: 48 | E39: 2 | I39: =A39&H39 -> 050-N-Sch | N39: =A39&M39 -> 050-N-Sch | S39: =A39&R39 -> 050-N-Sch
A40: 051-N-Rei | B40: 49.8424 | C40: 6.339193 | D40: 49 | E40: 1 | I40: =A40&H40 -> 051-N-Rei | N40: =A40&M40 -> 051-N-Rei | S40: =A40&R40 -> 051-N-Rei
A41: 024-R-Sau | B41: 49.98732 | C41: 6.096952 | D41: 23 | E41: 1 | G41: 140421 | H41: 200421 | I41: =A41&H41 -> 024-R-Sau200421 | J41: Caroline Grounds, Balint Andrasi, Dylan Thissen, Senyu Zhu | K41: C | L41: 150621 | M41: 220621 | N41: =A41&M41 -> 024-R-Sau220621 | O41: Dylan Thissen, Caroline Grounds | P41: C | Q41: 020921 | R41: 090921 | S41: =A41&R41 -> 024-R-Sau090921 | T41: Dylan Thissen, Tabea Theis | U41: C
A42: 057-N-Gro | B42: 49.78439 | C42: 6.007607 | D42: 66 | E42: 3 | I42: =A42&H42 -> 057-N-Gro | N42: =A42&M42 -> 057-N-Gro | S42: =A42&R42 -> 057-N-Gro
A43: 065-N-Wie | B43: 49.75423 | C43: 5.81804 | D43: 63 | E43: 1 | G43: 230321 | H43: 300321 | I43: =A43&H43 -> 065-N-Wie300321 | J43: Imen Kharrat, Alex Weigand | K43: A | L43: 160621 | M43: 220621 | N43: =A43&M43 -> 065-N-Wie220621 | O43: Imen Kharrat, Danielle Dolisy | P43: A | Q43: 300821 | R43: 60921 | S43: =A43&R43 -> 065-N-Wie60921 | T43: Danielle Dolisy, Imen Kharrat | U43: A
A44: 066-R-Red | B44: 49.76281 | C44: 5.88665 | D44: 64 | E44: 1 | G44: 230321 | H44: 300321 | I44: =A44&H44 -> 066-R-Red300321 | J44: Imen Kharrat, Alex Weigand | K44: A | L44: 160621 | M44: 220621 | N44: =A44&M44 -> 066-R-Red220621 | O44: Imen Kharrat, Danielle Dolisy | P44: A | Q44: 300821 | R44: 60921 | S44: =A44&R44 -> 066-R-Red60921 | T44: Danielle Dolisy, Imen Kharrat | U44: A
A45: 067-N-Wie | B45: 49.7652 | C45: 5.955758 | D45: 65 | E45: 2 | I45: =A45&H45 -> 067-N-Wie | N45: =A45&M45 -> 067-N-Wie | S45: =A45&R45 -> 067-N-Wie
A46: 076-N-Obe | B46: 49.73203 | C46: 5.84678 | D46: 74 | E46: 1 | G46: 230321 | H46: 300321 | I46: =A46&H46 -> 076-N-Obe300321 | J46: Imen Kharrat, Alex Weigand | K46: A | L46: 160621 | M46: 220621 | N46: =A46&M46 -> 076-N-Obe220621 | O46: Imen Kharrat, Danielle Dolisy | P46: A | Q46: 300821 | R46: 60921 | S46: =A46&R46 -> 076-N-Obe60921 | T46: Danielle Dolisy, Imen Kharrat | U46: A
A47: 077-N-Mar | B47: 49.69552 | C47: 5.909757 | D47: 85 | E47: 2 | G47: 230321 | H47: 300321 | I47: =A47&H47 -> 077-N-Mar300321 | J47: Imen Kharrat, Alex Weigand | K47: A | L47: 160621 | M47: 220621 | N47: =A47&M47 -> 077-N-Mar220621 | O47: Imen Kharrat, Danielle Dolisy | P47: A | Q47: 300821 | R47: 60921 | S47: =A47&R47 -> 077-N-Mar60921 | T47: Danielle Dolisy, Imen Kharrat | U47: A
A48: 078-N-AzF | B48: 49.72476 | C48: 5.943604 | D48: 76 | E48: 1 | I48: =A48&H48 -> 078-N-AzF | N48: =A48&M48 -> 078-N-AzF | S48: =A48&R48 -> 078-N-AzF
A49: 088-N-Ste | B49: 49.6596 | C49: 5.90771 | D49: 85 | E49: 1 | I49: =A49&H49 -> 088-N-Ste | N49: =A49&M49 -> 088-N-Ste | S49: =A49&R49 -> 088-N-Ste
A50: 089-N-Koe | B50: 49.6771 | C50: 5.95554 | D50: 86 | E50: 2 | I50: =A50&H50 -> 089-N-Koe | N50: =A50&M50 -> 089-N-Koe | S50: =A50&R50 -> 089-N-Koe
A51: 089-R-Koe | B51: 49.68346 | C51: 5.94073 | D51: 86 | E51: 1 | G51: 230321 | H51: 300321 | I51: =A51&H51 -> 089-R-Koe300321 | J51: Imen Kharrat, Alex Weigand | K51: A | L51: 40621 | M51: 90621 | N51: =A51&M51 -> 089-R-Koe90621 | O51: Imen Kharrat, Danielle Dolisy | P51: A | Q51: 300821 | R51: 60921 | S51: =A51&R51 -> 089-R-Koe60921 | T51: Danielle Dolisy, Imen Kharrat | U51: A
A52: 069-N-Ber | B52: 49.75664 | C52: 6.11062 | D52: 67 | E52: 1 | I52: =A52&H52 -> 069-N-Ber | N52: =A52&M52 -> 069-N-Ber | S52: =A52&R52 -> 069-N-Ber
A53: 069-N-Mer | B53: 49.76001 | C53: 6.078149 | D53: 67 | E53: 1 | G53: 140421 | H53: 200421 | I53: =A53&H53 -> 069-N-Mer200421 | J53: Imen Kharrat, Alex Weigand, Danielle Dolisy | K53: A | L53: 20621 | M53: 80621 | N53: =A53&M53 -> 069-N-Mer80621 | O53: Imen Kharrat, Danielle Dolisy, Alexander Weigand | P53: A | Q53: 170821 | R53: 240821 | S53: =A53&R53 -> 069-N-Mer240821 | T53: Danielle Dolisy, Imen Kharrat | U53: A
A54: 071-N-Wel | B54: 49.73606 | C54: 6.213845 | D54: 80 | E54: 1 | G54: 140421 | H54: 200421 | I54: =A54&H54 -> 071-N-Wel200421 | J54: Imen Kharrat, Alex Weigand, Danielle Dolisy | K54: A | L54: 20621 | M54: 80621 | N54: =A54&M54 -> 071-N-Wel80621 | O54: Imen Kharrat, Danielle Dolisy, Alexander Weigand | P54: A | Q54: 170821 | R54: 240821 | S54: =A54&R54 -> 071-N-Wel240821 | T54: Danielle Dolisy, Imen Kharrat | U54: A
A55: 072-N-Kue | B55: 49.73876 | C55: 6.29121 | D55: 81 | E55: 1 | I55: =A55&H55 -> 072-N-Kue | N55: =A55&M55 -> 072-N-Kue | S55: =A55&R55 -> 072-N-Kue
A56: 079-R-Roe | B56: 49.7092 | C56: 6.05072 | D56: 77 | E56: 1 | G56: 140421 | H56: 260421 | I56: =A56&H56 -> 079-R-Roe260421 | J56: Imen Kharrat, Alex Weigand, Danielle Dolisy | K56: A | L56: 010621 | M56: 080621 | N56: =A56&M56 -> 079-R-Roe080621 | O56: Imen Kharrat, Danielle Dolisy, Alexander Weigand | P56: A | Q56: 170821 | R56: 240821 | S56: =A56&R56 -> 079-R-Roe240821 | T56: Danielle Dolisy, Imen Kharrat | U56: A | W56: 10621 | X56: solved
A57: 082-N-Gee | B57: 49.72201 | C57: 6.267145 | D57: 80 | E57: 2 | G57: 140421 | H57: 260421 | I57: =A57&H57 -> 082-N-Gee260421 | J57: Imen Kharrat, Alex Weigand, Danielle Dolisy | K57: A | L57: 20621 | M57: 80621 | N57: =A57&M57 -> 082-N-Gee80621 | O57: Imen Kharrat, Danielle Dolisy, Alexander Weigand | P57: A | Q57: 170821 | R57: 240821 | S57: =A57&R57 -> 082-N-Gee240821 | T57: Danielle Dolisy, Imen Kharrat | U57: A
A58: 082-N-Hwe | B58: 49.70197 | C58: 6.274582 | D58: 80 | E58: 1 | G58: 140421 | H58: 260421 | I58: =A58&H58 -> 082-N-Hwe260421 | J58: Imen Kharrat, Alex Weigand, Danielle Dolisy | K58: A | L58: 30621 | M58: 80621 | N58: =A58&M58 -> 082-N-Hwe80621 | O58: Imen Kharrat, Danielle Dolisy | P58: A | Q58: 170821 | R58: 240821 | S58: =A58&R58 -> 082-N-Hwe240821 | T58: Danielle Dolisy, Imen Kharrat | U58: A
A59: 083-N-UdG | B59: 49.72453 | C59: 6.286298 | D59: 81 | E59: 1 | I59: =A59&H59 -> 083-N-UdG | N59: =A59&M59 -> 083-N-UdG | S59: =A59&R59 -> 083-N-UdG
A60: 090-R-AdH | B60: 49.68734 | C60: 6.03495 | D60: 87 | E60: 1 | G60: 140421 | H60: 260421 | I60: =A60&H60 -> 090-R-AdH260421 | J60: Imen Kharrat, Alex Weigand, Danielle Dolisy | K60: A | L60: 20621 | M60: 80621 | N60: =A60&M60 -> 090-R-AdH80621 | O60: Imen Kharrat, Danielle Dolisy, Alexander Weigand | P60: A | Q60: 170821 | R60: 240821 | S60: =A60&R60 -> 090-R-AdH240821 | T60: Danielle Dolisy, Imen Kharrat | U60: A
A61: 061-N-Sei | B61: 49.79377 | C61: 6.346107 | D61: 59 | E61: 1 | I61: =A61&H61 -> 061-N-Sei | N61: =A61&M61 -> 061-N-Sei | S61: =A61&R61 -> 061-N-Sei
A62: 063-R-Gie | B62: 49.78318 | C62: 6.480582 | D62: 72 | E62: 1 | G62: 230321 | H62: 310321 | I62: =A62&H62 -> 063-R-Gie310321 | J62: Balint Andrasi | K62: B | L62: 140621 | M62: 210621 | N62: =A62&M62 -> 063-R-Gie210621 | O62: Elena Breitenberger, S Ogan | P62: B | Q62: 180821 | R62: 260821 | S62: =A62&R62 -> 063-R-Gie260821 | T62: Fernanda Herrera-Mesías, Frida Pallapies | U62: B
A63: 064-N-IdW | B63: 49.79896 | C63: 6.515864 | D63: 62 | E63: 1 | I63: =A63&H63 -> 064-N-IdW | N63: =A63&M63 -> 064-N-IdW | S63: =A63&R63 -> 064-N-IdW
A64: 073-N-Gro | B64: 49.76175 | C64: 6.393442 | D64: 71 | E64: 4 | I64: =A64&H64 -> 073-N-Gro | N64: =A64&M64 -> 073-N-Gro | S64: =A64&R64 -> 073-N-Gro
A65: 073-R-Joh | B65: 49.74085 | C65: 6.389209 | D65: 82 | E65: 1 | G65: 230321 | H65: 310321 | I65: =A65&H65 -> 073-R-Joh310321 | J65: Balint Andrasi | K65: B | L65: 140621 | M65: 210621 | N65: =A65&M65 -> 073-R-Joh210621 | O65: Elena Breitenberger, S Ogan | P65: B | Q65: 180821 | R65: 260821 | S65: =A65&R65 -> 073-R-Joh260821 | T65: Fernanda Herrera-Mesías, Frida Pallapies | U65: B
A66: 074-N-Ree | B66: 49.74947 | C66: 6.440053 | D66: 72 | E66: 1 | I66: =A66&H66 -> 074-N-Ree | N66: =A66&M66 -> 074-N-Ree | S66: =A66&R66 -> 074-N-Ree
A67: 074-N-Swi | B67: 49.77184 | C67: 6.43395 | D67: 72 | E67: 1 | I67: =A67&H67 -> 074-N-Swi | N67: =A67&M67 -> 074-N-Swi | S67: =A67&R67 -> 074-N-Swi
A68: 075-N-Giw | B68: 49.74613 | C68: 6.490543 | D68: 73 | E68: 1 | I68: =A68&H68 -> 075-N-Giw | N68: =A68&M68 -> 075-N-Giw | S68: =A68&R68 -> 075-N-Giw
A69: 083-N-Rat | B69: 49.72829 | C69: 6.345785 | D69: 81 | E69: 1 | G69: 240321 | H69: 310321 | I69: =A69&H69 -> 083-N-Rat310321 | J69: Balint Andrasi | K69: B | L69: 140621 | M69: 210621 | N69: =A69&M69 -> 083-N-Rat210621 | O69: Elena Breitenberger, S Ogan | P69: B | Q69: 180821 | R69: 260821 | S69: =A69&R69 -> 083-N-Rat260821 | T69: Fernanda Herrera-Mesías, Frida Pallapies | U69: B
A70: 084-N-Gra | B70: 49.7138 | C70: 6.363715 | D70: 82 | E70: 1 | G70: 240321 | H70: 310321 | I70: =A70&H70 -> 084-N-Gra310321 | J70: Balint Andrasi | K70: B | L70: 140621 | M70: 210621 | N70: =A70&M70 -> 084-N-Gra210621 | O70: Elena Breitenberger, S Ogan | P70: B | Q70: 180821 | R70: 260821 | S70: =A70&R70 -> 084-N-Gra260821 | T70: Fernanda Herrera-Mesías, Frida Pallapies | U70: B
A71: 085-N-Kou | B71: 49.71972 | C71: 6.45106 | D71: 83 | E71: 1 | I71: =A71&H71 -> 085-N-Kou | N71: =A71&M71 -> 085-N-Kou | S71: =A71&R71 -> 085-N-Kou
A72: 085-N-Wan | B72: 49.7138 | C72: 6.447522 | D72: 83 | E72: 2 | G72: 240321 | H72: 310321 | I72: =A72&H72 -> 085-N-Wan310321 | J72: Balint Andrasi | K72: B | L72: 140621 | M72: 210621 | N72: =A72&M72 -> 085-N-Wan210621 | O72: Elena Breitenberger, S Ogan | P72: B | Q72: 180821 | R72: 260821 | S72: =A72&R72 -> 085-N-Wan260821 | T72: Fernanda Herrera-Mesías, Frida Pallapies | U72: B
A73: 0-0-0 | B73: 49.66534 | C73: 6.01318 | D73: 87 | E73: 1 | I73: =A73&H73 -> 0-0-0 | N73: =A73&M73 -> 0-0-0 | S73: =A73&R73 -> 0-0-0
A74: 090-N-Bra | B74: 49.65765 | C74: 6.042331 | D74: 87 | E74: 1 | I74: =A74&H74 -> 090-N-Bra | N74: =A74&M74 -> 090-N-Bra | S74: =A74&R74 -> 090-N-Bra
A75: 090-N-Cim | B75: 49.67193 | C75: 6.046718 | D75: 87 | E75: 1 | G75: 220321 | H75: 280321 | I75: =A75&H75 -> 090-N-Cim280321 | J75: Balint Andrasi | K75: B | L75: 310521 | M75: 90621 | N75: =A75&M75 -> 090-N-Cim90621 | O75: Fernanda Herrera Mesias, Michelle Koehler | P75: B | Q75: 160821 | R75: 240821 | S75: =A75&R75 -> 090-N-Cim240821 | T75: Fernanda Herrera-Mesías, Frida Pallapies, Antonio Do Rosario Cruz | U75: B
A76: 090-N-Pra | B76: 49.65445 | C76: 6.02472 | D76: 96 | E76: 1 | G76: 220321 | H76: 290321 | I76: =A76&H76 -> 090-N-Pra290321 | J76: Balint Andrasi | K76: B | L76: 310521 | M76: 90621 | N76: =A76&M76 -> 090-N-Pra90621 | O76: Fernanda Herrera Mesias, Michelle Koehler | P76: B | Q76: 160821 | R76: 240821 | S76: =A76&R76 -> 090-N-Pra240821 | T76: Fernanda Herrera-Mesías, Frida Pallapies, Antonio Do Rosario Cruz | U76: B
A77: 091-N-Bri | B77: 49.66737 | C77: 6.08171 | D77: 88 | E77: 1 | I77: =A77&H77 -> 091-N-Bri | N77: =A77&M77 -> 091-N-Bri | S77: =A77&R77 -> 091-N-Bri
A78: 098-R-Mou | B78: 49.62638 | C78: 5.8965 | D78: 94 | E78: 1 | G78: 220321 | H78: 290321 | I78: =A78&H78 -> 098-R-Mou290321 | J78: Balint Andrasi | K78: B | L78: 310521 | M78: 90621 | N78: =A78&M78 -> 098-R-Mou90621 | O78: Fernanda Herrera Mesias, Michelle Koehler | P78: B | Q78: 160821 | R78: 240821 | S78: =A78&R78 -> 098-R-Mou240821 | T78: Fernanda Herrera-Mesías, Frida Pallapies, Antonio Do Rosario Cruz | U78: B
A79: 099-N-Bru | B79: 49.62929 | C79: 6.000515 | D79: 95 | E79: 1 | I79: =A79&H79 -> 099-N-Bru | N79: =A79&M79 -> 099-N-Bru | S79: =A79&R79 -> 099-N-Bru
A80: 099-N-Sch | B80: 49.61583 | C80: 5.967378 | D80: 95 | E80: 1 | G80: 220321 | H80: 290321 | I80: =A80&H80 -> 099-N-Sch290321 | J80: Balint Andrasi | K80: B | L80: 310521 | M80: 90621 | N80: =A80&M80 -> 099-N-Sch90621 | O80: Fernanda Herrera Mesias, Michelle Koehler | P80: B | Q80: 160821 | R80: 240821 | S80: =A80&R80 -> 099-N-Sch240821 | T80: Fernanda Herrera-Mesías, Frida Pallapies, Antonio Do Rosario Cruz | U80: B
A81: 100-N-Kaz | B81: 49.64296 | C81: 6.022347 | D81: 96 | E81: 1 | G81: 220321 | H81: 290321 | I81: =A81&H81 -> 100-N-Kaz290321 | J81: Balint Andrasi | K81: B | L81: 310521 | M81: 90621 | N81: =A81&M81 -> 100-N-Kaz90621 | O81: Fernanda Herrera Mesias, Michelle Koehler | P81: B | Q81: 160821 | R81: 240821 | S81: =A81&R81 -> 100-N-Kaz240821 | T81: Fernanda Herrera-Mesías, Frida Pallapies, Antonio Do Rosario Cruz | U81: B
A82: 100-R-Tos | B82: 49.62404 | C82: 6.043285 | D82: 96 | E82: 1 | G82: 220321 | H82: 290321 | I82: =A82&H82 -> 100-R-Tos290321 | J82: Balint Andrasi | K82: B | L82: 310521 | M82: 90621 | N82: =A82&M82 -> 100-R-Tos90621 | O82: Fernanda Herrera Mesias, Michelle Koehler | P82: B | Q82: 160821 | R82: 240821 | S82: =A82&R82 -> 100-R-Tos240821 | T82: Fernanda Herrera-Mesías, Frida Pallapies, Antonio Do Rosario Cruz | U82: B
A83: 093-N-Kei | B83: 49.67026 | C83: 6.24879 | D83: 90 | E83: 1 | I83: =A83&H83 -> 093-N-Kei | N83: =A83&M83 -> 093-N-Kei | S83: =A83&R83 -> 093-N-Kei
A84: 094-N-adT | B84: 49.64773 | C84: 6.286583 | D84: 100 | E84: 1 | I84: =A84&H84 -> 094-N-adT | N84: =A84&M84 -> 094-N-adT | S84: =A84&R84 -> 094-N-adT
A85: 094-R-Gre | B85: 49.65487 | C85: 6.285287 | D85: 91 | E85: 1 | G85: 230321 | H85: 300321 | I85: =A85&H85 -> 094-R-Gre300321 | J85: Balint Andrasi | K85: B | L85: 20621 | M85: 100621 | N85: =A85&M85 -> 094-R-Gre100621 | O85: Fernanda Herrera Mesias, Michelle Koehler | P85: B | Q85: 170821 | R85: 240821 | S85: =A85&R85 -> 094-R-Gre240821 | T85: Fernanda Herrera-Mesías, Frida Pallapies, Antonio Do Rosario Cruz | U85: B
A86: 095-R-odF | B86: 49.64898 | C86: 6.416152 | D86: 101 | E86: 1 | G86: 240321 | H86: 300321 | I86: =A86&H86 -> 095-R-odF300321 | J86: Balint Andrasi | K86: B | L86: 20621 | M86: 100621 | N86: =A86&M86 -> 095-R-odF100621 | O86: Fernanda Herrera Mesias, Michelle Koehler | P86: B | Q86: 170821 | R86: 240821 | S86: =A86&R86 -> 095-R-odF240821 | T86: Fernanda Herrera-Mesías, Frida Pallapies, Antonio Do Rosario Cruz | U86: B
A87: 095-N-adR | B87: 49.65653 | C87: 6.37342 | D87: 91 | E87: 1 | G87: 230321 | H87: 300321 | I87: =A87&H87 -> 095-N-adR300321 | J87: Balint Andrasi | K87: B | L87: 20621 | M87: 100621 | N87: =A87&M87 -> 095-N-adR100621 | O87: Fernanda Herrera Mesias, Michelle Koehler | P87: B | Q87: 170821 | R87: 240821 | S87: =A87&R87 -> 095-N-adR240821 | T87: Fernanda Herrera-Mesías, Frida Pallapies, Antonio Do Rosario Cruz | U87: B
A88: 096-N-Haa | B88: 49.65319 | C88: 6.421792 | D88: 102 | E88: 2 | I88: =A88&H88 -> 096-N-Haa | N88: =A88&M88 -> 096-N-Haa | S88: =A88&R88 -> 096-N-Haa
A89: 096-N-Lon | B89: 49.67063 | C89: 6.425748 | D89: 93 | E89: 1 | G89: 230321 | H89: 300321 | I89: =A89&H89 -> 096-N-Lon300321 | J89: Balint Andrasi | K89: B | L89: 20621 | M89: 100621 | N89: =A89&M89 -> 096-N-Lon100621 | O89: Fernanda Herrera Mesias, Michelle Koehler | P89: B | Q89: 170821 | R89: 240821 | S89: =A89&R89 -> 096-N-Lon240821 | T89: Fernanda Herrera-Mesías, Frida Pallapies, Antonio Do Rosario Cruz | U89: B | W89: 290321 | X89: solved, no syrphidae found for S1
A90: 104-N-Can | B90: 49.61498 | C90: 6.324536 | D90: 100 | E90: 1 | G90: 150421 | H90: 200421 | I90: =A90&H90 -> 104-N-Can200421 | J90: Kaja Joeris, Balint Andrasi | K90: B | L90: 10621 | M90: 100621 | N90: =A90&M90 -> 104-N-Can100621 | O90: Fernanda Herrera Mesias, Michelle Koehler | P90: B | Q90: 190821 | R90: 300821 | S90: =A90&R90 -> 104-N-Can300821 | T90: Fernanda Herrera-Mesías, Frida Pallapies | U90: B
A91: 104-N-Wen | B91: 49.61562 | C91: 6.341416 | D91: 100 | E91: 1 | G91: 230321 | H91: 300321 | I91: =A91&H91 -> 104-N-Wen300321 | J91: Balint Andrasi | K91: B | L91: 10621 | M91: 100621 | N91: =A91&M91 -> 104-N-Wen100621 | O91: Fernanda Herrera Mesias, Michelle Koehler | P91: B | Q91: 170821 | R91: 240821 | S91: =A91&R91 -> 104-N-Wen240821 | T91: Fernanda Herrera-Mesías, Frida Pallapies, Antonio Do Rosario Cruz | U91: B
A92: 105-N-Wen | B92: 49.61655 | C92: 6.348536 | D92: 101 | E92: 2 | G92: 230321 | H92: 300321 | I92: =A92&H92 -> 105-N-Wen300321 | J92: Balint Andrasi | K92: B | L92: 10621 | M92: 100621 | N92: =A92&M92 -> 105-N-Wen100621 | O92: Fernanda Herrera Mesias, Michelle Koehler | P92: B | Q92: 170821 | R92: 240821 | S92: =A92&R92 -> 105-N-Wen240821 | T92: Fernanda Herrera-Mesías, Frida Pallapies, Antonio Do Rosario Cruz | U92: B
A93: 108-N-Nue | B93: 49.59356 | C93: 5.90676 | D93: 105 | E93: 1 | G93: 240321 | H93: 310321 | I93: =A93&H93 -> 108-N-Nue310321 | J93: Caroline Grounds, Dylan Thissen | K93: C | L93: 310521 | M93: 70621 | N93: =A93&M93 -> 108-N-Nue70621 | O93: Dylan Thissen, Caroline Grounds | P93: C | Q93: 170821 | R93: 240821 | S93: =A93&R93 -> 108-N-Nue240821 | T93: Dylan Thissen, Tabea Theis | U93: C
A94: 108-N-OdL | B94: 49.56785 | C94: 5.88788 | D94: 104 | E94: 1 | G94: 240321 | H94: 310321 | I94: =A94&H94 -> 108-N-OdL310321 | J94: Caroline Grounds, Dylan Thissen | K94: C | L94: 310521 | M94: 70621 | N94: =A94&M94 -> 108-N-OdL70621 | O94: Dylan Thissen, Caroline Grounds | P94: C | Q94: 170821 | R94: 240821 | S94: =A94&R94 -> 108-N-OdL240821 | T94: Dylan Thissen, Tabea Theis | U94: C
A95: 109-N-Woe | B95: 49.59072 | C95: 5.990108 | D95: 105 | E95: 1 | G95: 250321 | H95: 10421 | I95: =A95&H95 -> 109-N-Woe10421 | J95: Caroline Grounds, Dylan Thissen | K95: C | L95: 310521 | M95: 70621 | N95: =A95&M95 -> 109-N-Woe70621 | O95: Dylan Thissen, Caroline Grounds | P95: C | Q95: 170821 | R95: 240821 | S95: =A95&R95 -> 109-N-Woe240821 | T95: Dylan Thissen, Tabea Theis | U95: C
A96: 109-N-Gro | B96: 49.55828 | C96: 5.945858 | D96: 114 | E96: 1 | G96: 250321 | H96: 10421 | I96: =A96&H96 -> 109-N-Gro10421 | J96: Caroline Grounds, Dylan Thissen | K96: C | L96: 310521 | M96: 70621 | N96: =A96&M96 -> 109-N-Gro70621 | O96: Dylan Thissen, Caroline Grounds | P96: C | Q96: 170821 | R96: 240821 | S96: =A96&R96 -> 109-N-Gro240821 | T96: Dylan Thissen, Tabea Theis | U96: C
A97: 110-R-Lan | B97: 49.59271 | C97: 6.004637 | D97: 106 | E97: 1 | G97: 250321 | H97: 10421 | I97: =A97&H97 -> 110-R-Lan10421 | J97: Caroline Grounds, Dylan Thissen | K97: C | L97: 310521 | M97: 70621 | N97: =A97&M97 -> 110-R-Lan70621 | O97: Dylan Thissen, Caroline Grounds | P97: C | Q97: 170821 | R97: 240821 | S97: =A97&R97 -> 110-R-Lan240821 | T97: Dylan Thissen, Tabea Theis | U97: C
A98: 116-N-LaM | B98: 49.54212 | C98: 5.846711 | D98: 112 | E98: 2 | I98: =A98&H98 -> 116-N-LaM | N98: =A98&M98 -> 116-N-LaM | S98: =A98&R98 -> 116-N-LaM
A99: 116-R-Gei | B99: 49.54434 | C99: 5.854062 | D99: 112 | E99: 1 | G99: 240321 | H99: 310321 | I99: =A99&H99 -> 116-R-Gei310321 | J99: Caroline Grounds, Dylan Thissen | K99: C | L99: 310521 | M99: 70621 | N99: =A99&M99 -> 116-R-Gei70621 | O99: Dylan Thissen, Caroline Grounds | P99: C | Q99: 170821 | R99: 240821 | S99: =A99&R99 -> 116-R-Gei240821 | T99: Dylan Thissen, Tabea Theis | U99: C
A100: 117-N-Wei | B100: 49.54419 | C100: 5.86549 | D100: 113 | E100: 1 | I100: =A100&H100 -> 117-N-Wei | N100: =A100&M100 -> 117-N-Wei | S100: =A100&R100 -> 117-N-Wei
A101: 102-R-KloG | B101: 49.6328 | C101: 6.179888 | D101: 98 | E101: 1 | G101: 150421 | H101: 230421 | I101: =A101&H101 -> 102-R-KloG230421 | J101: Imen Kharrat, Alex Weigand | K101: A | L101: 30621 | M101: 150621 | N101: =A101&M101 -> 102-R-KloG150621 | O101: Imen Kharrat, Danielle Dolisy , Elena Breitenberger | P101: A | Q101: 260821 | R101: 10921 | S101: =A101&R101 -> 102-R-KloG10921 | T101: Danielle Dolisy, Imen Kharrat | U101: A
A102: 110-N-Buc | B102: 49.56533 | C102: 6.02886 | D102: 106 | E102: 1 | I102: =A102&H102 -> 110-N-Buc | N102: =A102&M102 -> 110-N-Buc | S102: =A102&R102 -> 110-N-Buc
A103: 111-N-Bon | B103: 49.59634 | C103: 6.140346 | D103: 107 | E103: 1 | G103: 250321 | H103: 10421 | I103: =A103&H103 -> 111-N-Bon10421 | J103: Imen Kharrat, Alex Weigand, Danielle Dolisy | K103: A | L103: 020621 | M103: 090621 | N103: =A103&M103 -> 111-N-Bon090621 | O103: Imen Kharrat, Danielle Dolisy , Alex Weigand | P103: A | Q103: 260821 | R103: 10921 | S103: =A103&R103 -> 111-N-Bon10921 | T103: Danielle Dolisy, Imen Kharrat | U103: A | W103: 020621 | X103: solved
A104: 111-N-Koc | B104: 49.55714 | C104: 6.096846 | D104: 116 | E104: 1 | G104: 250321 | H104: 10421 | I104: =A104&H104 -> 111-N-Koc10421 | J104: Imen Kharrat, Alex Weigand, Danielle Dolisy | K104: A | L104: 10621 | M104: 90621 | N104: =A104&M104 -> 111-N-Koc90621 | O104: Imen Kharrat, Danielle Dolisy , Alex Weigand | P104: A | Q104: 260821 | R104: 10921 | S104: =A104&R104 -> 111-N-Koc10921 | T104: Danielle Dolisy, Imen Kharrat | U104: A
A105: 111-N-LAM | B105: 49.60072 | C105: 6.11028 | D105: 107 | E105: 1 | G105: 250321 | H105: 10421 | I105: =A105&H105 -> 111-N-LAM10421 | J105: Imen Kharrat, Alex Weigand | K105: A | N105: =A105&M105 -> 111-N-LAM | S105: =A105&R105 -> 111-N-LAM
A106: 113-N-Wit | B106: 49.58152 | C106: 6.25968 | D106: 109 | E106: 1 | I106: =A106&H106 -> 113-N-Wit | N106: =A106&M106 -> 113-N-Wit | S106: =A106&R106 -> 113-N-Wit
...

Sheet 2022
A1: Site-ID_2019 | B1: 2021_1+2+3 | C1: 2022_1+2+3 | D1: Team | E1: Saison 1 | H1: Collectors S1 | I1: Saison 2 | L1: Collectors S2 | M1: Saison 3 | P1: Collectors S3 | Q1: year | R1: Cluster number | S1: site code | T1: CELL | U1: STATION | V1: region | W1: site name | X1: type | Y1: lat | Z1: long | AA1: contact | AB1: To Inform | AC1: aditionnal
B2: x | C2: x | D2: B | E2: 290422 | F2: 050522 | G2: =S2&F2 -> 001-R-Hel050522 | H2: Fernanda Herrera Mesias, Alena Susic | I2: ? | J2: 210622 | K2: =S2&J2 -> 001-R-Hel210622 | M2: 300822 | N2: 070922 | O2: =S2&N2 -> 001-R-Hel070922 | P2: Fernanda Herrera-Mesías, Alena Susic | Q2: R | R2: 1 | S2: 001-R-Hel | T2: 1 | U2: 1 | V2: Huldange | W2: in Helwen | X2: Prairie paturee en milieu humide | Y2: 50.16656106173789 | Z2: 5.980226383645738 | AA2: natur&ëmwelt
A3: 27 | B3: x | C3: x | D3: B | E3: 280422 | F3: 050522 | G3: =S3&F3 -> 007-R-Kal050522 | H3: Fernanda Herrera Mesias, Alena Susic | I3: ? | J3: 220622 | K3: =S3&J3 -> 007-R-Kal220622 | M3: 300822 | N3: 070922 | O3: =S3&N3 -> 007-R-Kal070922 | P3: Fernanda Herrera-Mesías, Alena Susic | Q3: R | R3: 1 | S3: 007-R-Kal | T3: 12 | U3: 1 | V3: Clerf | W3: Kalborner Mühle | X3: meadow close to the Our River | Y3: 50.10318 | Z3: 6.13344 | AA3: Frankie Thielen
C4: x | D4: B | E4: 280422 | F4: 050522 | G4: =S4&F4 -> 002-N-iCo050522 | H4: Fernanda Herrera Mesias, Alena Susic | I4: x | J4: 220622 | K4: =S4&J4 -> 002-N-iCo220622 | M4: 300822 | N4: 070922 | O4: =S4&N4 -> 002-N-iCo070922 | P4: Fernanda Herrera-Mesías, Alena Susic | Q4: 2022 | R4: 1 | S4: 002-N-iCo | T4: 6 | U4: 1 | W4: Troisvierges | X4: Im Conzenfenn | Y4: 50.14675 | Z4: 6.03671 | AB4: no
C5: x | D5: B | E5: 280422 | F5: 050522 | G5: =S5&F5 -> 003-N-Ani050522 | H5: Fernanda Herrera Mesias, Alena Susic | I5: ? | J5: 220622 | K5: =S5&J5 -> 003-N-Ani220622 | M5: 300822 | N5: 070922 | O5: =S5&N5 -> 003-N-Ani070922 | P5: Fernanda Herrera-Mesías, Alena Susic | Q5: 2022 | R5: 1 | S5: 003-N-Ani | T5: 3 | U5: 1 | W5: Weiswampach | X5: An Niddelbur | Y5: 50.15758 | Z5: 6.10034 | AB5: no
C6: x | D6: B | E6: 290422 | F6: 060522 | G6: =S6&F6 -> 005-N-adW060522 | H6: Fernanda Herrera Mesias, Alena Susic | I6: ? | J6: 210622 | K6: =S6&J6 -> 005-N-adW210622 | M6: 10922 | N6: 070922 | O6: =S6&N6 -> 005-N-adW070922 | P6: Fernanda Herrera-Mesías, Alena Susic | Q6: 2022 | R6: 1 | S6: 005-N-adW | T6: 5 | U6: 1 | W6: Troisvierges | X6: Auf der untersten Woltz | Y6: 50.13441 | Z6: 5.98489 | AB6: no
C7: x | D7: B | E7: 290422 | F7: 060522 | G7: =S7&F7 -> 006-N-odW060522 | H7: Fernanda Herrera Mesias, Alena Susic | I7: ? | J7: 220622 | K7: =S7&J7 -> 006-N-odW220622 | M7: 300822 | N7: 070922 | O7: =S7&N7 -> 006-N-odW070922 | P7: Fernanda Herrera-Mesías, Alena Susic | Q7: 2022 | R7: 1 | S7: 006-N-odW | T7: 11 | U7: 1 | W7: Wincrange | X7: Op der Wilwert | Y7: 50.10359 | Z7: 6.00556 | AB7: no
B8: x | C8: x | D8: A | E8: 110422 | F8: 210422 | G8: =S8&F8 -> 014-R-Bai210422 | H8: Danielle Dolisy, Imen Kharrat | I8: 140622 | J8: 200622 | K8: =S8&J8 -> 014-R-Bai200622 | M8: 050922 | N8: 120922 | O8: =S8&N8 -> 014-R-Bai120922 | P8: Danielle Dolisy, Alexander Weigand | Q8: R | R8: 2 | S8: 014-R-Bai | T8: 14 | U8: 1 | V8: Wincrange | W8: a Baierbich | X8: Prairie paturee en milieu humide | Y8: 50.018691 | Z8: 5.921794 | AA8: natur&ëmwelt
C9: x | D9: A | E9: 110422 | F9: 210422 | G9: =S9&F9 -> 004-N-ioA210422 | H9: Danielle Dolisy, Imen Kharrat | I9: 140622 | J9: 200622 | K9: =S9&J9 -> 004-N-ioA200622 | M9: 050922 | N9: 120922 | O9: =S9&N9 -> 004-N-ioA120922 | P9: Danielle Dolisy, Alexander Weigand | Q9: 2022 | R9: 2 | S9: 004-N-ioA | T9: 9 | U9: 1 | W9: Wincrange | X9: In der obersten Alheck | Y9: 50.09726 | Z9: 5.90267 | AB9: no
C10: x | D10: A | E10: 110422 | F10: 210422 | G10: =S10&F10 -> 005-N-iKo210422 | H10: Danielle Dolisy, Imen Kharrat | I10: 140622 | J10: 200622 | K10: =S10&J10 -> 005-N-iKo200622 | M10: 050922 | N10: 120922 | O10: =S10&N10 -> 005-N-iKo120922 | P10: Danielle Dolisy, Alexander Weigand | Q10: 2022 | R10: 2 | S10: 005-N-iKo | T10: 10 | U10: 1 | W10: Wincrange | X10: In Koppricht | Y10: 50.09977 | Z10: 5.94047 | AB10: no
C11: x | D11: A | E11: 110422 | F11: 210422 | G11: =S11&F11 -> 010-N-Ahe210422 | H11: Danielle Dolisy, Imen Kharrat | I11: 140622 | J11: 200622 | K11: =S11&J11 -> 010-N-Ahe200622 | M11: 050922 | N11: 120922 | O11: =S11&N11 -> 010-N-Ahe120922 | P11: Danielle Dolisy, Alexander Weigand | Q11: 2022 | R11: 2 | S11: 010-N-Ahe | T11: 10 | U11: 1 | W11: Wincrange | X11: Auf Hemischt | Y11: 50.08814 | Z11: 5.94542 | AB11: no
C12: x | D12: A | E12: 110422 | F12: 210422 | G12: =S12&F12 -> 011-N-Den210422 | H12: Danielle Dolisy, Imen Kharrat | I12: 140622 | J12: 200622 | K12: =S12&J12 -> 011-N-Den200622 | M12: 050922 | N12: 120922 | O12: =S12&N12 -> 011-N-Den120922 | P12: Danielle Dolisy, Alexander Weigand | Q12: 2022 | R12: 2 | S12: 011-N-Den | T12: 11 | U12: 1 | W12: Wincrange | X12: Denschwies | Y12: 50.07463 | Z12: 6.02228 | AB12: no
C13: x | D13: A | E13: 110422 | F13: 210422 | G13: =S13&F13 -> 011-N-idR210422 | H13: Danielle Dolisy, Imen Kharrat | I13: 150622 | J13: 200622 | K13: =S13&J13 -> 011-N-idR200622 | M13: 050922 | N13: 120922 | O13: =S13&N13 -> 011-N-idR120922 | P13: Danielle Dolisy, Alexander Weigand | Q13: 2022 | R13: 2 | S13: 011-N-idR | T13: 11 | U13: 1 | W13: Clervaux | X13: In der Reichelbach | Y13: 50.07086 | Z13: 6.00101 | AB13: no
B14: x | C14: x | D14: C | E14: ? | F14: 190422 | G14: =S14&F14 -> 044-R-Och190422 | I14: ? | J14: 210622 | K14: =S14&J14 -> 044-R-Och210622 | M14: 170822 | N14: 240822 | O14: =S14&N14 -> 044-R-Och240822 | P14: Eric Stöver, Kai Jäckels, Dylan Thissen | Q14: R | R14: 3 | S14: 044-R-Och | T14: 42 | U14: 1 | V14: Rambrouch | W14: Ochelter | X14: Prairie paturee en milieu humide | Y14: 49.86226446150461 | Z14: 5.823834985519833 | AA14: natur&ëmwelt
B15: x | C15: x | D15: C | E15: ? | F15: 190422 | G15: =S15&F15 -> 054-R-udA190422 | I15: x | J15: x | K15: =S15&J15 -> 054-R-udAx | M15: 170822 | N15: 240822 | O15: =S15&N15 -> 054-R-udA240822 | P15: Eric Stöver, Kai Jäckels, Dylan Thissen | Q15: R | R15: 3 | S15: 054-R-udA | T15: 52 | U15: 1 | V15: Rambrouch/Ell | W15: Unter dem Ahlenweg | X15: Prairie paturee en milieu humide | Y15: 49.811244 | Z15: 5.814094 | AA15: natur&ëmwelt
C16: x | D16: C | E16: ? | F16: 190422 | G16: =S16&F16 -> 022-N-aHa190422 | I16: ? | J16: 210622 | K16: =S16&J16 -> 022-N-aHa210622 | M16: 160822 | N16: 230822 | O16: =S16&N16 -> 022-N-aHa230822 | P16: Eric Stöver, Kai Jäckels, Dylan Thissen | Q16: 2022 | R16: 3 | S16: 022-N-aHa | T16: 21 | U16: 1 | W16: Kiischpelt | X16: auf Haschleid | Y16: 49.992064 | Z16: 5.9831866 | AB16: no | AC16: Eichenwald
C17: x | D17: C | E17: 110422 | F17: 190422 | G17: =S17&F17 -> 029-N-Fas190422 | I17: ? | J17: 210622 | K17: =S17&J17 -> 029-N-Fas210622 | M17: 160822 | N17: 230822 | O17: =S17&N17 -> 029-N-Fas230822 | P17: Eric Stöver, Kai Jäckels, Dylan Thissen | Q17: 2022 | R17: 3 | S17: 029-N-Fas | T17: 28 | U17: 1 | W17: Buederscheid | X17: Fassbich | Y17: 49.93818 | Z17: 5.94657 | AB17: no
C18: x | D18: C | E18: x | F18: x | G18: =S18&F18 -> 034-N-ikWx | I18: ? | J18: 210622 | K18: =S18&J18 -> 034-N-ikW210622 | M18: 160822 | N18: 230822 | O18: =S18&N18 -> 034-N-ikW230822 | P18: Eric Stöver, Kai Jäckels, Dylan Thissen | Q18: 2022 | R18: 3 | S18: 034-N-ikW | T18: 33 | U18: 1 | W18: Surre | X18: In klein Wellestein | Y18: 49.89591 | Z18: 5.75332 | AB18: no | AC18: Waldrand
C19: x | D19: C | E19: ? | F19: 190422 | G19: =S19&F19 -> 043-N-Der190422 | I19: x | J19: 210622 | K19: =S19&J19 -> 043-N-Der210622 | M19: 170822 | N19: 240822 | O19: =S19&N19 -> 043-N-Der240822 | P19: Eric Stöver, Kai Jäckels, Dylan Thissen | Q19: 2022 | R19: 3 | S19: 043-N-Der | T19: 41 | U19: 1 | W19: Bigonville | X19: In Dermicht | Y19: 49.84173 | Z19: 5.79058 | AB19: no
C20: x | D20: B | E20: 270422 | F20: 030522 | G20: =S20&F20 -> 046-N-Don030522 | H20: Fernanda Herrera Mesias, Alena Susic | I20: 300622 | J20: 060722 | K20: =S20&J20 -> 046-N-Don060722 | M20: 290822 | N20: 050922 | O20: =S20&N20 -> 046-N-Don050922 | P20: Fernanda Herrera-Mesías, Alena Susic | Q20: 2022 | R20: 4 | S20: 046-N-Don | T20: 44 | U20: 1 | W20: MertzV019, Donneschleed | X20: Ackerbuntbrache SICONA | Y20: 49.840384 | Z20: 5.981982 | AA20: SICONA
C21: x | D21: B | E21: 270422 | F21: 030522 | G21: =S21&F21 -> 047-N-Sai030522 | H21: Fernanda Herrera Mesias, Alena Susic | I21: 300622 | J21: 060722 | K21: =S21&J21 -> 047-N-Sai060722 | M21: 290822 | N21: 050922 | O21: =S21&N21 -> 047-N-Sai050922 | P21: Fernanda Herrera-Mesías, Alena Susic | Q21: 2022 | R21: 4 | S21: 047-N-Sai | T21: 55 | U21: 1 | W21: MertzS015, Säitert | X21: Weiher (Mahd SICONA). Bongert davor wird wanderbeweidet | Y21: 49.82748 | Z21: 6.012677 | AA21: SICONA
C22: x | D22: B | E22: 270422 | F22: 030522 | G22: =S22&F22 -> 057-N-Gro030522 | H22: Fernanda Herrera Mesias, Alena Susic | I22: 300622 | J22: 060722 | K22: =S22&J22 -> 057-N-Gro060722 | M22: 290822 | N22: 050922 | O22: =S22&N22 -> 057-N-Gro050922 | P22: Fernanda Herrera-Mesías, Alena Susic | Q22: 2022 | R22: 4 | S22: 057-N-Gro | T22: 66 | U22: 3 | V22: Bissen | W22: BisseS005, Grousst Muer | X22: BK04 B, BK06 C Mahd SICONA | Y22: 49.784392 | Z22: 6.007607 | AA22: SICONA
B23: x | C23: x | D23: B | E23: 270422 | F23: 030522 | G23: =S23&F23 -> 048-R-Dit030522 | H23: Fernanda Herrera Mesias, Alena Susic | I23: 290622 | J23: 060722 | K23: =S23&J23 -> 048-R-Dit060722 | M23: 290822 | N23: 050922 | O23: =S23&N23 -> 048-R-Dit050922 | P23: Fernanda Herrera-Mesías, Alena Susic | Q23: R | R23: 4 | S23: 048-R-Dit | T23: 46 | U23: 1 | V23: Ettelbrück | W23: in der Ditchesbach | X23: Streuobstwiese | Y23: 49.83849393366019 | Z23: 6.109265363017441 | AA23: natur&ëmwelt
C24: x | D24: B | E24: 270422 | F24: 30522 | G24: =S24&F24 -> 047-N-War30522 | H24: Fernanda Herrera Mesias, Alena Susic | I24: 290622 | J24: 060722 | K24: =S24&J24 -> 047-N-War060722 | M24: 290822 | N24: 050922 | O24: =S24&N24 -> 047-N-War050922 | P24: Fernanda Herrera-Mesías, Alena Susic | Q24: 2022 | R24: 4 | S24: 047-N-War | T24: 45 | U24: 2 | W24: Feulen | X24: FeuleS050, Warkdall | Y24: 49.86547 | Z24: 6.04727 | AB24: no | AC24: Nur umzäunter Weiher von SICONA bewirtschaftet
C25: x | D25: B | E25: 270422 | F25: 30522 | G25: =S25&F25 -> 068-N-Mes30522 | H25: Fernanda Herrera Mesias, Alena Susic | I25: 290622 | J25: 060722 | K25: =S25&J25 -> 068-N-Mes060722 | M25: 290822 | N25: 050922 | O25: =S25&N25 -> 068-N-Mes050922 | P25: Fernanda Herrera-Mesías, Alena Susic | Q25: 2022 | R25: 4 | S25: 068-N-Mes | T25: 66 | U25: 1 | W25: Mersch | X25: MerscS015, Béisener Weier /Béisener Wee | Y25: 49.7575 | Z25: 6.04784 | AB25: no | AC25: 6210 A Wanderbeweidung Schafe
B26: x | C26: x | D26: C | E26: x | F26: x | G26: =S26&F26 -> 041-R-Wanx | I26: ? | J26: 070722 | K26: =S26&J26 -> 041-R-Wan070722 | M26: 010922 | N26: 080922 | O26: =S26&N26 -> 041-R-Wan080922 | P26: Eric Stöver, Kai Jäckels | Q26: R | R26: 5 | S26: 041-R-Wan | T26: 48 | U26: 1 | V26: Reisdorf | W26: Wangersberg | X26: Jardin | Y26: 49.871495882489995 | Z26: 6.275445643812589 | AA26: natur&ëmwelt
C27: x | D27: C | E27: x | F27: x | G27: =S27&F27 -> 050-N-Schx | I27: ? | J27: 070722 | K27: =S27&J27 -> 050-N-Sch070722 | M27: 010922 | N27: 080922 | O27: =S27&N27 -> 050-N-Sch080922 | P27: Eric Stöver, Kai Jäckels | Q27: 2022 | R27: 5 | S27: 050-N-Sch | T27: 48 | U27: 2 | V27: Vallee de l'Ernz | W27: Schinneschgraecht | X27: Pelouse seche | Y27: 49.84227565924596 | Z27: 6.2561133656082095 | AA27: natur&ëmwelt
A28: 17 | B28: x | C28: x | D28: C | E28: x | F28: x | G28: =S28&F28 -> 024-R-Saux | I28: ? | J28: 060722 | K28: =S28&J28 -> 024-R-Sau060722 | M28: 010922 | N28: 080922 | O28: =S28&N28 -> 024-R-Sau080922 | P28: Eric Stöver, Kai Jäckels | Q28: R | R28: 5 | S28: 024-R-Sau | T28: 23 | U28: 1 | V28: Diekirch | W28: Sauerwisen | X28: meadow near river | Y28: 49.987316 | Z28: 6.096952 | AA28: NPOur Alain Klein, alain.klein@naturpark-our.lu
C29: x | D29: C | E29: x | F29: x | G29: =S29&F29 -> 012-N-idBx | I29: x | J29: 060722 | K29: =S29&J29 -> 012-N-idB060722 | M29: 010922 | N29: 080922 | O29: =S29&N29 -> 012-N-idB080922 | P29: Eric Stöver, Kai Jäckels | Q29: 2022 | R29: 5 | S29: 012-N-idB | T29: 17 | U29: 1 | W29: Parc Hosingen | X29: In den Birken | Y29: 50.05067 | Z29: 6.11837 | AB29: no
C30: x | D30: C | E30: x | F30: x | G30: =S30&F30 -> 025-N-idFx | I30: x | J30: 060722 | K30: =S30&J30 -> 025-N-idF060722 | M30: 010922 | N30: 080922 | O30: =S30&N30 -> 025-N-idF080922 | P30: Eric Stöver, Kai Jäckels | Q30: 2022 | R30: 5 | S30: 025-N-idF | T30: 31 | U30: 1 | W30: Putscheid | X30: In der Fischdell | Y30: 49.970457 | Z30: 6.1578753 | AB30: no | AC30: Eichenwald
C31: x | D31: C | E31: x | F31: x | G31: =S31&F31 -> 033-N-Aflx | I31: x | J31: 060722 | K31: =S31&J31 -> 033-N-Afl060722 | M31: 010922 | N31: 080922 | O31: =S31&N31 -> 033-N-Afl080922 | P31: Eric Stöver, Kai Jäckels | Q31: 2022 | R31: 5 | S31: 033-N-Afl | T31: 32 | U31: 1 | W31: Vianden | X31: Auf Flerschet | Y31: 49.937417 | Z31: 6.2146289 | AB31: no | AC31: Foret feuillue a dominance de chene
B32: x | C32: x | D32: A | E32: 120422 | F32: 190422 | G32: =S32&F32 -> 066-R-Red190422 | H32: Danielle Dolisy, Imen Kharrat | I32: 150622 | J32: 210622 | K32: =S32&J32 -> 066-R-Red210622 | M32: 060922 | N32: 130922 | O32: =S32&N32 -> 066-R-Red130922 | P32: Danielle Dolisy, Alexander Weigand | Q32: R | R32: 6 | S32: 066-R-Red | T32: 64 | U32: 1 | W32: RedanV004, Redange | X32: Weiher (Mahd SICONA) | Y32: 49.76281 | Z32: 5.88665 | AA32: SICONA
C33: x | D33: A | E33: 120422 | F33: 190422 | G33: =S33&F33 -> 067-N-Wie190422 | H33: Danielle Dolisy, Imen Kharrat | I33: 150622 | J33: 210622 | K33: =S33&J33 -> 067-N-Wie210622 | M33: 060922 | N33: 130922 | O33: =S33&N33 -> 067-N-Wie130922 | P33: Danielle Dolisy, Alexander Weigand | Q33: 2022 | R33: 6 | S33: 067-N-Wie | T33: 65 | U33: 2 | V33: Useldingen | W33: UseldS007, Weiden | X33: BK08 A Weiher (Mahd SICONA) | Y33: 49.765204 | Z33: 5.955758 | AA33: SICONA
A34: 25 | B34: x | C34: x | D34: A | E34: 120422 | F34: 190422 | G34: =S34&F34 -> 089-R-Koe190422 | H34: Danielle Dolisy, Imen Kharrat | I34: 150622 | J34: 210622 | K34: =S34&J34 -> 089-R-Koe210622 | M34: 60922 | N34: 130922 | O34: =S34&N34 -> 089-R-Koe130922 | P34: Danielle Dolisy, Alexander Weigand | Q34: R | R34: 6 | S34: 089-R-Koe | T34: 86 | U34: 1 | V34: Simmern | W34: Koerich | X34: private garden with ponds | Y34: 49.68346 | Z34: 5.94073 | AA34: Roland Proess; ecotop@pt.lu | AC34: date on the jar: 150922
C35: x | D35: A | E35: 120422 | F35: 190422 | G35: =S35&F35 -> 066-N-Bec190422 | H35: Danielle Dolisy, Imen Kharrat | I35: 150622 | J35: 210622 | K35: =S35&J35 -> 066-N-Bec210622 | M35: 60922 | N35: 130922 | O35: =S35&N35 -> 066-N-Bec130922 | P35: Danielle Dolisy, Alexander Weigand | Q35: 2022 | R35: 6 | S35: 066-N-Bec | T35: 75 | U35: 1 | W35: Beckerich | X35: BeckeV115 | Y35: 49.737104 | Z35: 5.9139304 | AB35: no | AC35: Näerdenerbaach, Bachrenaturierung. Wird von Landwirt beweidet, Beweidungspause Mitte Juni-Mitte August. SICONA fragt Bewirtschafter
C36: x | D36: A | E36: 120422 | F36: 190422 | G36: =S36&F36 -> 067-N-Sae190422 | H36: Danielle Dolisy, Imen Kharrat | I36: 150622 | J36: 210622 | K36: =S36&J36 -> 067-N-Sae210622 | M36: 60922 | N36: 130922 | O36: =S36&N36 -> 067-N-Sae130922 | P36: Danielle Dolisy, Alexander Weigand | Q36: 2022 | R36: 6 | S36: 067-N-Sae | T36: 65 | U36: 1 | W36: Saeul | X36: SaeulV001 | Y36: 49.744565 | Z36: 5.9739121 | AB36: no | AC36: Schwébecherbréck, Weiher mit kleinem Randstreifen, Wegrand mit Hochstaudenflur
C37: x | D37: A | E37: 120422 | F37: 190422 | G37: =S37&F37 -> 077-N-JWW190422 | H37: Danielle Dolisy, Imen Kharrat | I37: 150622 | J37: 210622 | K37: =S37&J37 -> 077-N-JWW210622 | M37: 60922 | N37: 130922 | O37: =S37&N37 -> 077-N-JWW130922 | P37: Danielle Dolisy, Alexander Weigand | Q37: 2022 | R37: 6 | S37: 077-N-JWW | T37: 85 | U37: 1 | W37: Hobscheid | X37: Jardin "Wëll Wolleg Landschaft" | Y37: 49.6916 | Z37: 5.91221 | AB37: yes | AC37: 19, rue de Kreuzerbuch in Hobscheid
A38: 2 | C38: x | D38: A | E38: 130422 | F38: 200422 | G38: =S38&F38 -> 091-N-Bri200422 | H38: Danielle Dolisy, Imen Kharrat | I38: 160622 | J38: 220622 | K38: =S38&J38 -> 091-N-Bri220622 | M38: 220822 | N38: 290822 | O38: =S38&N38 -> 091-N-Bri290822 | P38: Danielle Dolisy, Alexander Weigand | Q38: 2022 | R38: 7 | S38: 091-N-Bri | T38: 88 | U38: 1 | V38: Kopstal | W38: KopstV011, Bridel, Fënnef Buchen | X38: Renat. Heide (Wanderbeweidung Schafe), Waldrand | Y38: 49.667371 | Z38: 6.08171 | AA38: SICONA, Simone Schneider
C39: x | D39: A | E39: 130422 | F39: 200422 | G39: =S39&F39 -> 069-N-Meh200422 | H39: Danielle Dolisy, Imen Kharrat | I39: 160622 | J39: 220622 | K39: =S39&J39 -> 069-N-Meh220622 | M39: 220822 | N39: 290822 | O39: =S39&N39 -> 069-N-Meh290822 | P39: Danielle Dolisy, Alexander Weigand | Q39: 2022 | R39: 7 | S39: 069-N-Meh | T39: 67 | U39: 1 | W39: Mersch | X39: MerscV005 (MerscS014) | Y39: 49.745236 | Z39: 6.072072 | AB39: no | AC39: unbefestigter Weg mit alten Obstbäumen & Hecke, Mahd SICONA
A40: 7 | C40: x | D40: A | E40: 130422 | F40: 200422 | G40: =S40&F40 -> 099-N-Bru200422 | H40: Danielle Dolisy, Imen Kharrat | I40: 160622 | J40: 220622 | K40: =S40&J40 -> 099-N-Bru220622 | M40: 220822 | N40: 290822 | O40: =S40&N40 -> 099-N-Bru290822 | P40: Danielle Dolisy, Alexander Weigand | Q40: 2022 | R40: 7 | S40: 099-N-Bru | T40: 95 | U40: 1 | V40: Mamer | W40: MamerS024, Bruch | X40: meadow with ponds, BK11 A, 6510 B + BK06 A (Wanderbeweidung Schafe) | Y40: 49.629294 | Z40: 6.000515 | AA40: SICONA, Simone Schneider
B41: x | C41: x | D41: A | E41: 130422 | F41: 200422 | G41: =S41&F41 -> 079-R-Roe200422 | H41: Danielle Dolisy, Imen Kharrat | I41: 160622 | J41: 220622 | K41: =S41&J41 -> 079-R-Roe220622 | M41: 220822 | N41: 290822 | O41: =S41&N41 -> 079-R-Roe290822 | P41: Danielle Dolisy, Alexander Weigand | Q41: R | R41: 7 | S41: 079-R-Roe | T41: 77 | U41: 1 | V41: Helperknapp | W41: auf Roebben | X41: Pre de fauche | Y41: 49.70920348970877 | Z41: 6.050719698433379 | AA41: natur&ëmwelt
B42: x | C42: x | D42: A | E42: 130422 | F42: 200422 | G42: =S42&F42 -> 082-R-Gee200422 | H42: Danielle Dolisy, Imen Kharrat | I42: 160622 | J42: 220622 | K42: =S42&J42 -> 082-R-Gee220622 | M42: 220822 | N42: 290822 | O42: =S42&N42 -> 082-R-Gee290822 | P42: Danielle Dolisy, Alexander Weigand | Q42: R | R42: 7 | S42: 082-R-Gee | T42: 80 | U42: 1 | V42: Junglinster | W42: Geespert | X42: Pre de fauche | Y42: 49.72200558561018 | Z42: 6.267144746708126 | AA42: natur&ëmwelt
B43: x | C43: x | D43: A | E43: 130422 | F43: 200422 | G43: =S43&F43 -> 090-R-AdH200422 | H43: Danielle Dolisy, Imen Kharrat | I43: 160622 | J43: 220622 | K43: =S43&J43 -> 090-R-AdH220622 | M43: 220822 | N43: 290822 | O43: =S43&N43 -> 090-R-AdH290822 | P43: Danielle Dolisy, Alexander Weigand | Q43: R | R43: 7 | S43: 090-R-AdH | T43: 87 | U43: 1 | W43: An der Heedchen | X43: Heide mit entomologischem Inventar in 2020 | Y43: 49.68734 | Z43: 6.03495 | AA43: SICONA
B44: x | C44: x | D44: B | E44: 130422 | F44: 200422 | G44: =S44&F44 -> 063-R-Gie200422 | H44: Fernanda Herrera Mesias, Alena Susic | I44: 280622 | J44: 050722 | K44: =S44&J44 -> 063-R-Gie050722 | M44: 190822 | N44: 260822 | O44: =S44&N44 -> 063-R-Gie260822 | P44: Fernanda Herrera-Mesías, Alena Susic | Q44: R | R44: 8 | S44: 063-R-Gie | T44: 72 | U44: 1 | V44: Rosport-Mompach | W44: am Gier | X44: Prairie paturee en milieu humide | Y44: 49.78317983556239 | Z44: 6.480581774647296 | AA44: natur&ëmwelt
C45: x | D45: B | E45: 130422 | F45: 200422 | G45: =S45&F45 -> 064-N-IdW200422 | H45: Fernanda Herrera Mesias, Alena Susic | I45: 280622 | J45: 050722 | K45: =S45&J45 -> 064-N-IdW050722 | M45: 190822 | N45: 260822 | O45: =S45&N45 -> 064-N-IdW260822 | P45: Fernanda Herrera-Mesías, Alena Susic | Q45: 2022 | R45: 8 | S45: 064-N-IdW | T45: 62 | U45: 1 | V45: Rosport-Mompach | W45: Iwwert dem Wangertswee | X45: Terrasses de vignoble en friche | Y45: 49.798962187462244 | Z45: 6.515863907875483 | AA45: natur&ëmwelt
B46: x | C46: x | D46: B | E46: 130422 | F46: 200422 | G46: =S46&F46 -> 073-R-Joh200422 | H46: Fernanda Herrera Mesias, Alena Susic | I46: 280622 | J46: 060722 | K46: =S46&J46 -> 073-R-Joh060722 | M46: 190822 | N46: 260822 | O46: =S46&N46 -> 073-R-Joh260822 | P46: Fernanda Herrera-Mesías, Alena Susic | Q46: R | R46: 8 | S46: 073-R-Joh | T46: 82 | U46: 1 | V46: Manternach | W46: Im Johannsweier | X46: Roseliere | Y46: 49.74084602709187 | Z46: 6.389208570246291 | AA46: natur&ëmwelt
C47: x | D47: B | E47: 130422 | F47: 200422 | G47: =S47&F47 -> 074-N-Ree200422 | H47: Fernanda Herrera Mesias, Alena Susic | I47: ? | J47: 050722 | K47: =S47&J47 -> 074-N-Ree050722 | M47: 190822 | N47: 260822 | O47: =S47&N47 -> 074-N-Ree260822 | P47: Fernanda Herrera-Mesías, Alena Susic | Q47: 2022 | R47: 8 | S47: 074-N-Ree | T47: 72 | U47: 1 | V47: Rosport-Mompach | W47: A Reer | X47: Roseliere | Y47: 49.74947468422455 | Z47: 6.440053488020958 | AA47: natur&ëmwelt
C48: x | D48: B | E48: 130422 | F48: 200422 | G48: =S48&F48 -> 075-N-Giw200422 | H48: Fernanda Herrera Mesias, Alena Susic | I48: x | J48: 50722 | K48: =S48&J48 -> 075-N-Giw50722 | M48: 190822 | N48: 260822 | O48: =S48&N48 -> 075-N-Giw260822 | P48: Fernanda Herrera-Mesías, Alena Susic | Q48: 2022 | R48: 8 | S48: 075-N-Giw | T48: 73 | U48: 1 | V48: Rosport-Mompach | W48: auf Giwer Wangert | X48: Pelouse seche | Y48: 49.74613393592379 | Z48: 6.490543231802351 | AA48: natur&ëmwelt
C49: x | D49: B | E49: 130422 | F49: 200422 | G49: =S49&F49 -> 063-N-oWa200422 | H49: Fernanda Herrera Mesias, Alena Susic | I49: 280622 | J49: 050722 | K49: =S49&J49 -> 063-N-oWa050722 | M49: 190822 | N49: 260822 | O49: =S49&N49 -> 063-N-oWa260822 | P49: Fernanda Herrera-Mesías, Alena Susic | Q49: 2022 | R49: 8 | S49: 063-N-oWa | T49: 61 | U49: 1 | W49: Rosport - op Wäiteschwee | Y49: 49.809684 | Z49: 6.4734022 | AB49: no | AC49: C2X; Steinh-01
A50: 0 | D50: ALL | G50: =S50&F50 -> 0-0-0 | K50: =S50&J50 -> 0-0-0 | O50: =S50&N50 -> 0-0-0 | Q50: kehlen | R50: 0 | S50: 0-0-0 | T50: 87 | U50: 1 | V50: Kehlen | W50: Kehlen-Lager | X50: Depot | Y50: 49.66534 | Z50: 6.01318
B51: x | C51: x | D51: B | E51: 110422 | F51: 190422 | G51: =S51&F51 -> 110-R-Lan190422 | H51: Fernanda Herrera Mesias, Alena Susic | I51: x | J51: 200622 | K51: =S51&J51 -> 110-R-Lan200622 | M51: 160822 | N51: 230822 | O51: =S51&N51 -> 110-R-Lan230822 | P51: Fernanda Herrera-Mesías, Alena Susic | Q51: R | R51: 9 | S51: 110-R-Lan | T51: 106 | U51: 1 | W51: DippaS057, Langwiss | X51: BK10 A, BK11 A; BK08 AB Beweidung Schafe + Mahd SOFRANEL | Y51: 49.59271 | Z51: 6.004637 | AA51: SICONA | AC51: Belongs to Cluster 11
B52: x | C52: x | D52: B | E52: 110422 | F52: 190422 | G52: =S52&F52 -> 098-R-Mou190422 | H52: Fernanda Herrera Mesias, Alena Susic | I52: ? | J52: 200622 | K52: =S52&J52 -> 098-R-Mou200622 | M52: 160822 | N52: 230822 | O52: =S52&N52 -> 098-R-Mou230822 | P52: Fernanda Herrera-Mesías, Alena Susic | Q52: R | R52: 9 | S52: 098-R-Mou | T52: 94 | U52: 1 | W52: KaerjS076, Moukebrill | X52: Weiher (Mahd SICONA) | Y52: 49.62638 | Z52: 5.89650 | AA52: SICONA
A53: 8 | B53: x | C53: x | D53: B | E53: 110422 | F53: 190422 | G53: =S53&F53 -> 100-R-Tos190422 | H53: Fernanda Herrera Mesias, Alena Susic | I53: ? | J53: 200622 | K53: =S53&J53 -> 100-R-Tos200622 | M53: 160822 | N53: 230822 | O53: =S53&N53 -> 100-R-Tos230822 | P53: Fernanda Herrera-Mesías, Alena Susic | Q53: R | R53: 9 | S53: 100-R-Tos | T53: 96 | U53: 1 | V53: Bertrange | W53: BertrS080, Tossebierg | X53: old quarry between farmland, BK03 A, 6510 A+B Beweidung Schafe und Mahd SICONA | Y53: 49.62404 | Z53: 6.043285 | AA53: SICONA, Simone Schneider
C54: x | D54: B | E54: 110422 | F54: 190422 | G54: =S54&F54 -> 088-N-Ste190422 | H54: Fernanda Herrera Mesias, Alena Susic | I54: x | J54: x | K54: =S54&J54 -> 088-N-Stex | M54: x | N54: x | O54: =S54&N54 -> 088-N-Stex | Q54: 2022 | R54: 9 | S54: 088-N-Ste | T54: 85 | U54: 1 | W54: SteifV005 | X54: Aktioun Päiperlek-Fläche bei Kleinbettinger Wasserturm. Gemeinde Steinfort bewirtschaftet, um Erlaubnis fragen um Fallen anzubringen | Y54: 49.659598 | Z54: 5.90771 | AA54: SICONA
C55: x | D55: B | E55: 110422 | F55: 190422 | G55: =S55&F55 -> 088-N-Eec190422 | H55: Fernanda Herrera Mesias, Alena Susic | I55: 100622 | J55: 200622 | K55: =S55&J55 -> 088-N-Eec200622 | M55: 160822 | N55: 230822 | O55: =S55&N55 -> 088-N-Eec230822 | P55: Fernanda Herrera-Mesías, Alena Susic | Q55: 2022 | R55: 9 | S55: 088-N-Eec | T55: 85 | U55: 1 | Y55: 49.67069 | Z55: 5.88781
C56: x | D56: B | E56: 120422 | F56: 220422 | G56: =S56&F56 -> 093-N-Kei220422 | H56: Fernanda Herrera Mesias, Alena Susic | I56: x | J56: 240622 | K56: =S56&J56 -> 093-N-Kei240622 | M56: 170822 | N56: 240822 | O56: =S56&N56 -> 093-N-Kei240822 | P56: Fernanda Herrera-Mesías, Alena Susic | Q56: 2022 | R56: 10 | S56: 093-N-Kei | T56: 90 | U56: 1 | V56: Niederanven | W56: Im Keidel | X56: Pelouse seche | Y56: 49.670255171340344 | Z56: 6.248790488909548 | AA56: natur&ëmwelt
B57: x | C57: x | D57: B | E57: 120422 | F57: 220422 | G57: =S57&F57 -> 094-R-Gre220422 | H57: Fernanda Herrera Mesias, Alena Susic | I57: ? | J57: 240622 | K57: =S57&J57 -> 094-R-Gre240622 | M57: 170822 | N57: 240822 | O57: =S57&N57 -> 094-R-Gre240822 | P57: Fernanda Herrera-Mesías, Alena Susic | Q57: R | R57: 10 | S57: 094-R-Gre | T57: 91 | U57: 1 | V57: Betzdorf | W57: Grendelbuch | X57: Prairie paturee en milieu humide | Y57: 49.654872906515145 | Z57: 6.285287046607329 | AA57: natur&ëmwelt
B58: x | C58: x | D58: B | E58: 120422 | F58: 200422 | G58: =S58&F58 -> 095-R-odF200422 | H58: Fernanda Herrera Mesias, Alena Susic | I58: ? | J58: 240622 | K58: =S58&J58 -> 095-R-odF240622 | M58: 170822 | N58: 240822 | O58: =S58&N58 -> 095-R-odF240822 | P58: Fernanda Herrera-Mesías, Alena Susic | Q58: R | R58: 10 | S58: 095-R-odF | T58: 101 | U58: 1 | V58: Flaxweiler | W58: op dem Frimbierg | X58: Pre de fauche | Y58: 49.648975 | Z58: 6.416152 | AA58: natur&ëmwelt
A59: 13 | C59: x | D59: B | E59: 120422 | F59: 220422 | G59: =S59&F59 -> 104-N-Can220422 | H59: Fernanda Herrera Mesias, Alena Susic | I59: x | J59: 240622 | K59: =S59&J59 -> 104-N-Can240622 | M59: 170822 | N59: 240822 | O59: =S59&N59 -> 104-N-Can240822 | P59: Fernanda Herrera-Mesías, Alena Susic | Q59: 2022 | R59: 10 | S59: 104-N-Can | T59: 100 | U59: 1 | V59: Canach | W59: Canach | X59: meadow | Y59: 49.614981 | Z59: 6.324536 | AA59: natur&ëmwelt (Biodiversity Day 2019), Claudine Felten, c.felten@naturemwelt.lu, Tel: 29 04 04 304
C60: x | D60: B | E60: 120422 | F60: 220422 | G60: =S60&F60 -> 094-N-Hie220422 | H60: Fernanda Herrera Mesias, Alena Susic | I60: ? | J60: 240622 | K60: =S60&J60 -> 094-N-Hie240622 | M60: 170822 | N60: 240822 | O60: =S60&N60 -> 094-N-Hie240822 | P60: Fernanda Herrera-Mesías, Alena Susic | Q60: 2022 | R60: 10 | S60: 094-N-Hie | T60: 91 | U60: 1 | X60: Hierden, GID 4820 | Y60: 49.668226 | Z60: 6.3193787 | AB60: no | AC60: Waldrand
C61: x | D61: B | E61: 120422 | F61: 200422 | G61: =S61&F61 -> 096-N-adG200422 | H61: Fernanda Herrera Mesias, Alena Susic | I61: 280622 | J61: 240622 | K61: =S61&J61 -> 096-N-adG240622 | M61: 170822 | N61: 240822 | O61: =S61&N61 -> 096-N-adG240822 | P61: Fernanda Herrera-Mesías, Alena Susic | Q61: 2022 | R61: 10 | S61: 096-N-adG | T61: 102 | U61: 1 | W61: Wormeldange - an de Grieden | Y61: 49.646441 | Z61: 6.4263794 | AB61: no | AC61: C1C; Macht-03
C62: x | D62: B | E62: 120422 | F62: 220422 | G62: =S62&F62 -> 105-N-Gel220422 | H62: Fernanda Herrera Mesias, Alena Susic | I62: ? | J62: 240622 | K62: =S62&J62 -> 105-N-Gel240622 | M62: 170822 | N62: 240822 | O62: =S62&N62 -> 105-N-Gel240822 | P62: Fernanda Herrera-Mesías, Alena Susic | Q62: 2022 | R62: 10 | S62: 105-N-Gel | T62: 101 | U62: 1 | W62: Flaxweiler - Gëllebierg | Y62: 49.633556 | Z62: 6.4117851 | AB62: no | AC62: C3A; Ahn-02
A63: 23 | B63: x | C63: x | D63: A | E63: 150422 | F63: 230422 | G63: =S63&F63 -> 102-R-KloG230422 | I63: 270622 | J63: 50722 | K63: =S63&J63 -> 102-R-KloG50722 | L63: Danielle Dolisy, Imen Kharrat, Hinatea Ariey | M63: 240822 | N63: 10922 | O63: =S63&N63 -> 102-R-KloG10922 | P63: Danielle Dolisy, Alexander Weigand | Q63: R | R63: 12 | S63: 102-R-KloG | T63: 98 | U63: 1 | V63: Luxembourg | W63: Parc Klose-Groendchen | X63: Arboretum, sandy | Y63: 49.632797 | Z63: 6.179888 | AA63: MNHNL, thierry.helminger@mnhn.lu, Thierry Bescheid geben wann
C64: x | D64: A | E64: 280422 | F64: 050522 | G64: =S64&F64 -> 110-N-Buc050522 | I64: 270622 | J64: 050722 | K64: =S64&J64 -> 110-N-Buc050722 | L64: Danielle Dolisy, Imen Kharrat, Hinatea Ariey | M64: 240822 | N64: 010922 | O64: =S64&N64 -> 110-N-Buc010922 | P64: Danielle Dolisy, Alexander Weigand | Q64: 2022 | R64: 12 | S64: 110-N-Buc | T64: 106 | U64: 1 | W64: ReckaS022, Buchholz | X64: 6510 A Beweidung Schafe und Mahd SICONA | Y64: 49.56533 | Z64: 6.02886 | AA64: SICONA
B65: x | C65: x | D65: A | E65: 270422 | F65: 050522 | G65: =S65&F65 -> 121-R-Hoo050522 | I65: 270622 | J65: 050722 | K65: =S65&J65 -> 121-R-Hoo050722 | L65: Danielle Dolisy, Imen Kharrat, Hinatea Ariey | M65: 240822 | N65: 300822 | O65: =S65&N65 -> 121-R-Hoo300822 | P65: Danielle Dolisy, Alexander Weigand | Q65: R | R65: 12 | S65: 121-R-Hoo | T65: 117 | U65: 1 | V65: Roeser | W65: RoeseV032, Hoowisen | X65: 6510 B BK08 B, BK04 B, BK06 B (Mahd SICONA) | Y65: 49.55327 | Z65: 6.146631 | AA65: SICONA
C66: x | D66: A | E66: 270422 | F66: 050522 | G66: =S66&F66 -> 120-N-BAB050522 | I66: 270622 | J66: 50722 | K66: =S66&J66 -> 120-N-BAB50722 | L66: Danielle Dolisy, Imen Kharrat, Hinatea Ariey | M66: 240822 | N66: 300822 | O66: =S66&N66 -> 120-N-BAB300822 | P66: Danielle Dolisy, Alexander Weigand | Q66: 2022 | R66: 12 | S66: 120-N-BAB | T66: 125 | U66: 1 | W66: Bettembourg | X66: Bongert Altenhoven - Bettembourg | Y66: 49.51786 | Z66: 6.11878 | AB66: yes
C67: x | D67: A | E67: 280422 | F67: 050522 | G67: =S67&F67 -> 120-N-Bet050522 | I67: 270622 | J67: 50722 | K67: =S67&J67 -> 120-N-Bet50722 | L67: Danielle Dolisy, Imen Kharrat, Hinatea Ariey | M67: 240822 | N67: 300822 | O67: =S67&N67 -> 120-N-Bet300822 | P67: Danielle Dolisy, Alexander Weigand | Q67: 2022 | R67: 12 | S67: 120-N-Bet | T67: 116 | U67: 1 | W67: Bettembourg | X67: BettmV003 | Y67: 49.536525 | Z67: 6.0912668 | AB67: no | AC67: Stillgewässer mit Feuchtgrünland, Mahd & Wanderbeweidung SICONA
B68: x | C68: x | D68: C | E68: 210422 | F68: 060522 | G68: =S68&F68 -> 123-R-Mac060522 | I68: x | J68: x | K68: =S68&J68 -> 123-R-Macx | M68: 190822 | N68: 260822 | O68: =S68&N68 -> 123-R-Mac260822 | P68: Eric Stöver, Kai Jäckels | Q68: R | R68: 13 | S68: 123-R-Mac | T68: 119 | U68: 1 | V68: Schengen | W68: Machergruet | X68: Pelouse seche | Y68: 49.52897738265358 | Z68: 6.3439934262423705 | AA68: natur&ëmwelt
A69: 26 | B69: x | C69: x | D69: C | E69: x | F69: 210422 | G69: =S69&F69 -> 133-R-Bag210422 | I69: ? | J69: 220622 | K69: =S69&J69 -> 133-R-Bag220622 | M69: 190822 | N69: 260822 | O69: =S69&N69 -> 133-R-Bag260822 | P69: Eric Stöver, Kai Jäckels | Q69: R | R69: 13 | S69: 133-R-Bag | T69: 129 | U69: 1 | V69: Remerschen | W69: Baggerweieren | X69: wetland close to lakes and ponds, old gravel pits | Y69: 49.49684 | Z69: 6.36092 | AA69: Isabelle.Zwick@anf.etat.lu; 8 year old survey data available
C70: x | D70: C | E70: x | F70: 210422 | G70: =S70&F70 -> 113-N-adW210422 | I70: ? | J70: 220622 | K70: =S70&J70 -> 113-N-adW220622 | M70: 190822 | N70: 260822 | O70: =S70&N70 -> 113-N-adW260822 | P70: Eric Stöver, Kai Jäckels | Q70: 2022 | R70: 13 | S70: 113-N-adW | T70: 109 | U70: 2 | W70: Contern | X70: Auf dem Widdem | Y70: 49.57538 | Z70: 6.25564 | AB70: no
C71: x | D71: C | E71: ? | F71: 210422 | G71: =S71&F71 -> 123-N-Bue210422 | I71: x | J71: 220622 | K71: =S71&J71 -> 123-N-Bue220622 | M71: 190822 | N71: 260822 | O71: =S71&N71 -> 123-N-Bue260822 | P71: Eric Stöver, Kai Jäckels | Q71: 2022 | R71: 13 | S71: 123-N-Bue | T71: 119 | U71: 1 | W71: Remich - Buedenbaach | Y71: 49.537224 | Z71: 6.3423947 | AB71: no | AC71: C2Y; Remi-02
C72: x | D72: C | E72: x | F72: 240422 | G72: =S72&F72 -> 132-N-aLa240422 | I72: 160622 | J72: 220622 | K72: =S72&J72 -> 132-N-aLa220622 | M72: 190822 | N72: 260822 | O72: =S72&N72 -> 132-N-aLa260822 | P72: Eric Stöver, Kai Jäckels | Q72: 2022 | R72: 13 | S72: 132-N-aLa | T72: 128 | U72: 1 | W72: Elvange-02 | Y72: 49.509426 | Z72: 6.3280094 | AB72: no | AC72: C3D; Burmerange - Am Lamert
C73: x | D73: C | E73: x | F73: 210422 | G73: =S73&F73 -> 132-N-usW210422 | I73: x | J73: 220622 | K73: =S73&J73 -> 132-N-usW220622 | M73: 190822 | N73: 260822 | O73: =S73&N73 -> 132-N-usW260822 | P73: Eric Stöver, Kai Jäckels | Q73: 2022 | R73: 13 | S73: 132-N-usW | T73: 128 | U73: 1 | V73: Schengen | W73: Um sauere Wues | Y73: 49.49599 | Z73: 6.31693 | AB73: no
B74: x | C74: x | D74: A | E74: 280422 | F74: 050522 | G74: =S74&F74 -> 118-R-Aes050522 | I74: 280622 | J74: 060722 | K74: =S74&J74 -> 118-R-Aes060722 | L74: Danielle Dolisy, Hinatea Ariey | M74: 260822 | N74: 010922 | O74: =S74&N74 -> 118-R-Aes010922 | P74: Danielle Dolisy, Alexander Weigand | Q74: R | R74: 14 | S74: 118-R-Aes | T74: 114 | U74: 1 | W74: MondeV054, Aesing | X74: Weiher SICONA (Wanderbeweidung Schafe) | Y74: 49.542144 | Z74: 5.969157 | AA74: SICONA
C75: x | D75: A | E75: 280422 | F75: 100522 | G75: =S75&F75 -> 128-N-Hie100522 | I75: 300622 | J75: 060722 | K75: =S75&J75 -> 128-N-Hie060722 | L75: Danielle Dolisy, Hinatea Ariey | M75: 260822 | N75: 010922 | O75: =S75&N75 -> 128-N-Hie010922 | P75: Danielle Dolisy, Alexander Weigand | Q75: 2022 | R75: 14 | S75: 128-N-Hie | T75: 124 | U75: 2 | W75: KaylV041, Hiel | X75: Weiher (Mahd SICONA) | Y75: 49.49419 | Z75: 6.024275 | AA75: SICONA
C76: x | D76: A | E76: 280422 | F76: 100522 | G76: =S76&F76 -> 128-N-Loo100522 | I76: 300622 | J76: 060722 | K76: =S76&J76 -> 128-N-Loo060722 | L76: Danielle Dolisy, Hinatea Ariey | M76: 260822 | N76: 300822 | O76: =S76&N76 -> 128-N-Loo300822 | P76: Danielle Dolisy, Alexander Weigand | Q76: 2022 | R76: 14 | S76: 128-N-Loo | T76: 124 | U76: 1 | V76: Bettembourg | W76: BettmV011, Looreck | X76: Wanderbeweidung Schafe | Y76: 49.504611 | Z76: 6.044029 | AA76: SICONA
B77: x | C77: x | D77: A | E77: 280422 | F77: 100522 | G77: =S77&F77 -> 128-R-Ang100522 | I77: 300622 | J77: 060722 | K77: =S77&J77 -> 128-R-Ang060722 | L77: Danielle Dolisy, Hinatea Ariey | M77: 260822 | N77: 010922 | O77: =S77&N77 -> 128-R-Ang010922 | P77: Danielle Dolisy, Alexander Weigand | Q77: R | R77: 14 | S77: 128-R-Ang | T77: 124 | U77: 1 | V77: Dudelange | W77: DudelV027, Angeldall | X77: Streuobstwiese. Gemeinde Dudelange bewirtschaftet, um Erlaubnis fragen um Fallen aufzustellen | Y77: 49.48856 | Z77: 6.06479 | AA77: SICONA
C78: x | D78: A | E78: 290422 | F78: 100522 | G78: =S78&F78 -> 117-N-iWa100522 | I78: 300622 | J78: 080722 | K78: =S78&J78 -> 117-N-iWa080722 | L78: Danielle Dolisy, Hinatea Ariey | M78: 230822 | N78: 300822 | O78: =S78&N78 -> 117-N-iWa300822 | P78: Danielle Dolisy, Alexander Weigand | Q78: 2022 | R78: 14 | S78: 117-N-iWa | T78: 113 | U78: 1 | W78: Differdange | X78: Im Wangert | Y78: 49.52497 | Z78: 5.88239 | AB78: no
B79: x | C79: x | D79: A | E79: 310521 | F79: 070621 | G79: =S79&F79 -> 116-R-Gei070621 | I79: 280622 | J79: 080722 | K79: =S79&J79 -> 116-R-Gei080722 | L79: Danielle Dolisy, Hinatea Ariey | M79: 230822 | N79: 300822 | O79: =S79&N79 -> 116-R-Gei300822 | P79: Danielle Dolisy, Alexander Weigand | Q79: R | R79: 14 | S79: 116-R-Gei | T79: 112 | U79: 1 | W79: PetanS005, Géien Honger | X79: 6510 B (Mahd SICONA) | Y79: 49.544335 | Z79: 5.8540616 | AA79: SICONA | AC79: Belongs to Cluster 11
C80: x | D80: A | E80: 290422 | F80: 100522 | G80: =S80&F80 -> 117-N-Wei 100522 | I80: 280622 | J80: 080722 | K80: =S80&J80 -> 117-N-Wei 080722 | L80: Danielle Dolisy, Hinatea Ariey | M80: 230822 | N80: 300822 | O80: =S80&N80 -> 117-N-Wei 300822 | P80: Danielle Dolisy, Alexander Weigand | Q80: 2022 | R80: 14 | S80: 117-N-Wei | T80: 113 | U80: 1 | W80: PetanS002, Weiden | X80: Mahd SICONA | Y80: 49.54419 | Z80: 5.865490 | AA80: SICONA | AC80: Belongs to Cluster 11
C81: x | D81: C | E81: x | F81: x | G81: =S81&F81 -> 051-N-Reix | I81: ? | J81: 070722 | K81: =S81&J81 -> 051-N-Rei070722 | M81: 290822 | N81: 50922 | O81: =S81&N81 -> 051-N-Rei50922 | P81: Eric Stöver, Kai Jäckels | Q81: 2022 | R81: 15 | S81: 051-N-Rei | T81: 49 | U81: 1 | V81: Berdorf | W81: in der Reihbaeum | X81: Foret feuillue a essences melangees | Y81: 49.84240367394449 | Z81: 6.339192586691965 | AA81: natur&ëmwelt
C82: x | D82: C | E82: ? | F82: ? | G82: =S82&F82 -> 072-N-Kue? | I82: x | J82: 050722 | K82: =S82&J82 -> 072-N-Kue050722 | M82: 290822 | N82: 50922 | O82: =S82&N82 -> 072-N-Kue50922 | P82: Eric Stöver, Kai Jäckels | Q82: 2022 | R82: 15 | S82: 072-N-Kue | T82: 81 | U82: 1 | V82: Junglinster | W82: Vor Kuelenterknapp | X82: Pelouse seche | Y82: 49.73875730074977 | Z82: 6.29121022806147 | AA82: natur&ëmwelt
C83: x | D83: C | E83: x | F83: x | G83: =S83&F83 -> 061-N-Seix | I83: x | J83: 050723 | K83: =S83&J83 -> 061-N-Sei050723 | M83: 290822 | N83: 50922 | O83: =S83&N83 -> 061-N-Sei50922 | P83: Eric Stöver, Kai Jäckels | Q83: 2022 | R83: 15 | S83: 061-N-Sei | T83: 59 | U83: 1 | V83: Consdorf | W83: An der Seift | X83: Foret feuillue a dominance de hetre | Y83: 49.79377268495194 | Z83: 6.346106618530607 | AA83: natur&ëmwelt
C84: x | D84: C | E84: x | F84: x | G84: =S84&F84 -> 073-N-iLix | I84: x | J84: 050724 | K84: =S84&J84 -> 073-N-iLi050724 | M84: 290822 | N84: 50922 | O84: =S84&N84 -> 073-N-iLi50922 | P84: Eric Stöver, Kai Jäckels | Q84: 2022 | R84: 15 | S84: 073-N-iLi | T84: 71 | U84: 1 | W84: Bech - In Lilien | Y84: 49.753818 | Z84: 6.3888185 | AB84: no | AC84: C1A; Lilien-01
C85: x | D85: C | E85: x | F85: 130522 | G85: =S85&F85 -> 082-N-aDu130522 | I85: x | J85: 050725 | K85: =S85&J85 -> 082-N-aDu050725 | M85: 290822 | N85: 50922 | O85: =S85&N85 -> 082-N-aDu50922 | P85: Eric Stöver, Kai Jäckels | Q85: 2022 | R85: 15 | S85: 082-N-aDu | T85: 80 | U85: 1 | W85: Junglinster - an Duelen | Y85: 49.713949 | Z85: 6.2721775 | AB85: no | AC85: C15; Jung-09
C86: x | D86: C | E86: x | F86: x | G86: =S86&F86 -> 074-N-Swix | I86: ? | J86: 070722 | K86: =S86&J86 -> 074-N-Swi070722 | M86: 290822 | N86: 50922 | O86: =S86&N86 -> 074-N-Swi50922 | P86: Eric Stöver, Kai Jäckels | Q86: 2022 | R86: 15 | S86: 074-N-Swi | T86: 72 | U86: 1 | V86: Rosport-Mompach | W86: Schaefeschwies | X86: Friche en milieu humide | Y86: 49.771836397622636 | Z86: 6.433949822837984 | AA86: natur&ëmwelt

Sheet Loic_MSc_Thesis
A1: Code | B1: Latitude | C1: Longitude | D1: Cell | E1: Station | F1: Date_in | G1: Date_out | H1: Année | I1: Collecteur | J1: Code site | K1: Nom du site | L1: Passive/active | M1: Sorter | N1: Number of specimens | O1: Notes | P1: Code ID | Q1: ID | R1: IDENTIFIER | S1: NUMBER OF SPECIMEN | T1: MALE | U1: FEMALE | V1: SEX INDETERMINATE | W1: IDENTIFICATION NOTE | X1: DATE OF IDENTIFICATION | Y1: IDENTIFICATION METHOD | Z1: QR code | AA1: Recorder? | AB1: Unique
A2: =D2&"_"&E2&"_"&G2&"_"&J2&"_"&P2 -> 117_4_030721_BW4_p_ch.bi | B2: 49.52651 | C2: 6.20790 | D2: 117 | E2: 4 | F2: 250621 | G2: 030721 | H2: 2021 | I2: Loic Hellers | J2: BW4_p | K2: BW4 | L2: Pan trap | M2: Chanistya Ayu Purnomo | N2: 6 | O2: 2 Ep.ba (1 specimen is in a bad condition) | P2: ch.bi | Q2: Chrysotoxum bicinctum | R2: Chanistya Ayu Purnomo | S2: 1 | T2: 0 | U2: 1 | V2: 0 | X2: 171023 | Y2: Morphological | Z2: MNHNL178021 | AB2: =IF(COUNTIF(Z:Z, Z2)>1, "Duplicate", "Unique") -> Unique
A3: =D3&"_"&E3&"_"&G3&"_"&J3&"_"&P3 -> 118_2_170721_BU2_p_ep.ba | B3: 49.52629 | C3: 6.23017 | D3: 118 | E3: 2 | F3: 030721 | G3: 170721 | H3: 2021 | I3: Loic Hellers | J3: BU2_p | K3: BU2 | L3: Pan trap | M3: Chanistya Ayu Purnomo | N3: 10 | O3: 2 Ep.ba | P3: ep.ba | Q3: Episyrphus balteatus | R3: Chanistya Ayu Purnomo | S3: 2 | T3: 1 | U3: 1 | V3: 0 | X3: 161023 | Y3: Morphological | Z3: MNHNL164720 | AA3: december 2024 | AB3: =IF(COUNTIF(Z:Z, Z3)>1, "Duplicate", "Unique") -> Unique
A4: =D4&"_"&E4&"_"&G4&"_"&J4&"_"&P4 -> 117_3_170721_BW2_1_p_ep.ba | B4: 49.53281 | C4: 6.20603 | D4: 117 | E4: 3 | F4: 030721 | G4: 170721 | H4: 2021 | I4: Loic Hellers | J4: BW2_1_p | K4: BW2 | L4: Pan trap | M4: Chanistya Ayu Purnomo | N4: 29 | O4: 24 Ep.ba | P4: ep.ba | Q4: Episyrphus balteatus | R4: Chanistya Ayu Purnomo | S4: 24 | T4: 16 | U4: 8 | V4: 0 | X4: 161023 | Y4: Morphological | Z4: MNHNL164146 | AA4: december 2024 | AB4: =IF(COUNTIF(Z:Z, Z4)>1, "Duplicate", "Unique") -> Unique
A5: =D5&"_"&E5&"_"&G5&"_"&J5&"_"&P5 -> 117_2_170721_BW1_p_ep.ba | B5: 49.54010 | C5: 6.17939 | D5: 117 | E5: 2 | F5: 030721 | G5: 170721 | H5: 2021 | I5: Loic Hellers | J5: BW1_p | K5: BW1 | L5: Pan trap | M5: Chanistya Ayu Purnomo | N5: 33 | O5: 22 Ep.ba | P5: ep.ba | Q5: Episyrphus balteatus | R5: Chanistya Ayu Purnomo | S5: 21 | T5: 10 | U5: 12 | V5: 0 | X5: 161023 | Y5: Morphological | Z5: MNHNL164145 | AA5: december 2024 | AB5: =IF(COUNTIF(Z:Z, Z5)>1, "Duplicate", "Unique") -> Unique
A6: =D6&"_"&E6&"_"&G6&"_"&J6&"_"&P6 -> 118_1_170721_BU1_2_p_ep.ba | B6: 49.53240 | C6: 6.22523 | D6: 118 | E6: 1 | F6: 030721 | G6: 170721 | H6: 2021 | I6: Loic Hellers | J6: BU1_2_p | K6: BU1 | L6: Pan trap | M6: Chanistya Ayu Purnomo | N6: 3 | O6: 2 Ep.ba | P6: ep.ba | Q6: Episyrphus balteatus | R6: Chanistya Ayu Purnomo | S6: 2 | T6: 1 | U6: 1 | V6: 0 | X6: 161023 | Y6: Morphological | Z6: MNHNL164713 | AA6: december 2024 | AB6: =IF(COUNTIF(Z:Z, Z6)>1, "Duplicate", "Unique") -> Unique
A7: =D7&"_"&E7&"_"&G7&"_"&J7&"_"&P7 -> 117_2_290521_BW1_p_ep.ba | B7: 49.54010 | C7: 6.17939 | D7: 117 | E7: 2 | F7: 090521 | G7: 290521 | H7: 2021 | I7: Loic Hellers | J7: BW1_p | K7: BW1 | L7: Pan trap | M7: Chanistya Ayu Purnomo | N7: 3 | P7: ep.ba | Q7: Episyrphus balteatus | R7: Chanistya Ayu Purnomo | S7: 1 | T7: 0 | U7: 1 | V7: 0 | X7: 161023 | Y7: Morphological | Z7: MNHNL164712 | AA7: december 2024 | AB7: =IF(COUNTIF(Z:Z, Z7)>1, "Duplicate", "Unique") -> Unique
A8: =D8&"_"&E8&"_"&G8&"_"&J8&"_"&P8 -> 117_3_170721_BW2_2_p_ep.ba | B8: 49.53281 | C8: 6.20603 | D8: 117 | E8: 3 | F8: 030721 | G8: 170721 | H8: 2021 | I8: Loic Hellers | J8: BW2_2_p | K8: BW2_2 | L8: Pan trap | M8: Chanistya Ayu Purnomo | N8: 9 | O8: 8 Ep.ba | P8: ep.ba | Q8: Episyrphus balteatus | R8: Chanistya Ayu Purnomo | S8: 8 | T8: 7 | U8: 1 | V8: 0 | X8: 161023 | Y8: Morphological | Z8: MNHNL164144 | AA8: december 2024 | AB8: =IF(COUNTIF(Z:Z, Z8)>1, "Duplicate", "Unique") -> Unique
A9: =D9&"_"&E9&"_"&G9&"_"&J9&"_"&P9 -> 117_4_170721_BW4_2_p_ep.ba | B9: 49.52651 | C9: 6.20790 | D9: 117 | E9: 4 | F9: 030721 | G9: 170721 | H9: 2021 | I9: Loic Hellers | J9: BW4_2_p | K9: BW4_2 | L9: Pan trap | M9: Chanistya Ayu Purnomo | N9: 10 | O9: 7 Ep.ba | P9: ep.ba | Q9: Episyrphus balteatus | R9: Chanistya Ayu Purnomo | S9: 7 | T9: 7 | U9: 0 | V9: 0 | X9: 161023 | Y9: Morphological | Z9: MNHNL164143 | AA9: december 2024 | AB9: =IF(COUNTIF(Z:Z, Z9)>1, "Duplicate", "Unique") -> Unique
A10: =D10&"_"&E10&"_"&G10&"_"&J10&"_"&P10 -> 117_2_030721_BW1_p_ep.ba | B10: 49.54010 | C10: 6.17939 | D10: 117 | E10: 2 | F10: 250621 | G10: 030721 | H10: 2021 | I10: Loic Hellers | J10: BW1_p | K10: BW1 | L10: Pan trap | M10: Chanistya Ayu Purnomo | N10: 5 | O10: 4 Ep.ba | P10: ep.ba | Q10: Episyrphus balteatus | R10: Chanistya Ayu Purnomo | S10: 4 | T10: 0 | U10: 4 | V10: 0 | X10: 161023 | Y10: Morphological | Z10: MNHNL164716 | AA10: december 2024 | AB10: =IF(COUNTIF(Z:Z, Z10)>1, "Duplicate", "Unique") -> Unique
A11: =D11&"_"&E11&"_"&G11&"_"&J11&"_"&P11 -> 117_3_030721_BW2_p_ep.ba | B11: 49.53281 | C11: 6.20603 | D11: 117 | E11: 3 | F11: 250621 | G11: 030721 | H11: 2021 | I11: Loic Hellers | J11: BW2_p | K11: BW2 | L11: Pan trap | M11: Chanistya Ayu Purnomo | N11: 6 | O11: 2 Ep.ba | P11: ep.ba | Q11: Episyrphus balteatus | R11: Chanistya Ayu Purnomo | S11: 2 | T11: 0 | U11: 2 | V11: 0 | X11: 161023 | Y11: Morphological | Z11: MNHNL164142 | AA11: december 2024 | AB11: =IF(COUNTIF(Z:Z, Z11)>1, "Duplicate", "Unique") -> Unique
A12: =D12&"_"&E12&"_"&G12&"_"&J12&"_"&P12 -> 118_5_170721_BW3_p_ep.ba | B12: 49.54555 | C12: 6.22193 | D12: 118 | E12: 5 | F12: 030721 | G12: 170721 | H12: 2021 | I12: Loic Hellers | J12: BW3_p | K12: BW3 | L12: Pan trap | M12: Chanistya Ayu Purnomo | N12: 5 | O12: 3 Ep.ba | P12: ep.ba | Q12: Episyrphus balteatus | R12: Chanistya Ayu Purnomo | S12: 3 | T12: 2 | U12: 1 | V12: 0 | X12: 161023 | Y12: Morphological | Z12: MNHNL164717 | AA12: december 2024 | AB12: =IF(COUNTIF(Z:Z, Z12)>1, "Duplicate", "Unique") -> Unique
A13: =D13&"_"&E13&"_"&G13&"_"&J13&"_"&P13 -> 117_4_170721_BW4_1_p_ep.ba | B13: 49.52651 | C13: 6.20790 | D13: 117 | E13: 4 | F13: 030721 | G13: 170721 | H13: 2021 | I13: Loic Hellers | J13: BW4_1_p | K13: BW4_1 | L13: Pan trap | M13: Chanistya Ayu Purnomo | N13: 4 | O13: 4 Ep.ba | P13: ep.ba | Q13: Episyrphus balteatus | R13: Chanistya Ayu Purnomo | S13: 4 | T13: 3 | U13: 1 | V13: 0 | X13: 171023 | Y13: Morphological | Z13: MNHNL164715 | AA13: december 2024 | AB13: =IF(COUNTIF(Z:Z, Z13)>1, "Duplicate", "Unique") -> Unique
A14: =D14&"_"&E14&"_"&G14&"_"&J14&"_"&P14 -> 117_6_030721_BW6_p_ep.ba | B14: 49.52258 | C14: 6.19196 | D14: 117 | E14: 6 | F14: 250621 | G14: 030721 | H14: 2021 | I14: Loic Hellers | J14: BW6_p | K14: BW6 | L14: Pan trap | M14: Chanistya Ayu Purnomo | N14: 2 | O14: 2 Ep.ba | P14: ep.ba | Q14: Episyrphus balteatus | R14: Chanistya Ayu Purnomo | S14: 2 | T14: 0 | U14: 2 | V14: 0 | X14: 171023 | Y14: Morphological | Z14: MNHNL164714 | AA14: december 2024 | AB14: =IF(COUNTIF(Z:Z, Z14)>1, "Duplicate", "Unique") -> Unique
A15: =D15&"_"&E15&"_"&G15&"_"&J15&"_"&P15 -> 117_4_030721_BW4_p_ep.ba | B15: 49.52651 | C15: 6.20790 | D15: 117 | E15: 4 | F15: 250621 | G15: 030721 | H15: 2021 | I15: Loic Hellers | J15: BW4_p | K15: BW4 | L15: Pan trap | M15: Chanistya Ayu Purnomo | N15: 6 | O15: 2 Ep.ba (1 specimen is in a bad condition) | P15: ep.ba | Q15: Episyrphus balteatus | R15: Chanistya Ayu Purnomo | S15: 2 | T15: 0 | U15: 2 | V15: 0 | X15: 171023 | Y15: Morphological | Z15: MNHNL164719 | AA15: december 2024 | AB15: =IF(COUNTIF(Z:Z, Z15)>1, "Duplicate", "Unique") -> Unique
A16: =D16&"_"&E16&"_"&G16&"_"&J16&"_"&P16 -> 117_6_170721_BW6_p_ep.ba | B16: 49.52258 | C16: 6.19196 | D16: 117 | E16: 6 | F16: 030721 | G16: 170721 | H16: 2021 | I16: Loic Hellers | J16: BW6_p | K16: BW6 | L16: Pan trap | M16: Chanistya Ayu Purnomo | N16: 4 | P16: ep.ba | Q16: Episyrphus balteatus | R16: Chanistya Ayu Purnomo | S16: 1 | T16: 1 | U16: 0 | V16: 0 | X16: 171023 | Y16: Morphological | Z16: MNHNL164718 | AA16: december 2024 | AB16: =IF(COUNTIF(Z:Z, Z16)>1, "Duplicate", "Unique") -> Unique
A17: =D17&"_"&E17&"_"&G17&"_"&J17&"_"&P17 -> 117_2_290521_BW1_p_er.pe | B17: 49.54010 | C17: 6.17939 | D17: 117 | E17: 2 | F17: 090521 | G17: 290521 | H17: 2021 | I17: Loic Hellers | J17: BW1_p | K17: BW1 | L17: Pan trap | M17: Chanistya Ayu Purnomo | N17: 3 | P17: er.pe | Q17: Eristalis pertinax | R17: Chanistya Ayu Purnomo | S17: 1 | T17: 1 | U17: 0 | V17: 0 | X17: 161023 | Y17: Morphological | AB17: =IF(COUNTIF(Z:Z, Z17)>1, "Duplicate", "Unique") -> Unique
A18: =D18&"_"&E18&"_"&G18&"_"&J18&"_"&P18 -> 117_3_230421_BW2_p_er.si | B18: 49.53281 | C18: 6.20603 | D18: 117 | E18: 3 | F18: 150421 | G18: 230421 | H18: 2021 | I18: Loic Hellers | J18: BW2_p | K18: BW2 | L18: Pan trap | M18: Cédric Simon | N18: 1 | P18: er.si | Q18: Eristalis similis | R18: Chanistya Ayu Purnomo | S18: 1 | T18: 0 | U18: 1 | V18: 0 | X18: 161023 | Y18: Morphological | Z18: MNHNL178198 | AB18: =IF(COUNTIF(Z:Z, Z18)>1, "Duplicate", "Unique") -> Unique
A19: =D19&"_"&E19&"_"&G19&"_"&J19&"_"&P19 -> 127_2_230421_BU6_p_er.si | B19: 49.51867 | C19: 6.24549 | D19: 127 | E19: 2 | F19: 140421 | G19: 230421 | H19: 2021 | I19: Loic Hellers | J19: BU6_p | K19: BU6 | L19: Pan trap | M19: Chanistya Ayu Purnomo | N19: 2 | P19: er.si | Q19: Eristalis similis | R19: Chanistya Ayu Purnomo | S19: 1 | T19: 0 | U19: 1 | V19: 0 | X19: 161023 | Y19: Morphological | Z19: MNHNL178199 | AB19: =IF(COUNTIF(Z:Z, Z19)>1, "Duplicate", "Unique") -> Unique
A20: =D20&"_"&E20&"_"&G20&"_"&J20&"_"&P20 -> 117_4_030721_BW4_p_er.si | B20: 49.52651 | C20: 6.20790 | D20: 117 | E20: 4 | F20: 250621 | G20: 030721 | H20: 2021 | I20: Loic Hellers | J20: BW4_p | K20: BW4 | L20: Pan trap | M20: Chanistya Ayu Purnomo | N20: 6 | O20: 2 Ep.ba (1 specimen is in a bad condition) | P20: er.si | Q20: Eristalis similis | R20: Chanistya Ayu Purnomo | S20: 2 | T20: 2 | U20: 0 | V20: 0 | X20: 171023 | Y20: Morphological | Z20: MNHNL178200 | AB20: =IF(COUNTIF(Z:Z, Z20)>1, "Duplicate", "Unique") -> Unique
A21: =D21&"_"&E21&"_"&G21&"_"&J21&"_"&P21 -> 127_1_170721_BU5_2_p_er.te | B21: 49.51488 | C21: 6.23240 | D21: 127 | E21: 1 | F21: 030721 | G21: 170721 | H21: 2021 | I21: Loic Hellers | J21: BU5_2_p | K21: BU5_2 | L21: Pan trap | M21: Chanistya Ayu Purnomo | N21: 7 | P21: er.te | Q21: Eristalis tenax | R21: Chanistya Ayu Purnomo | S21: 7 | T21: 3 | U21: 4 | V21: 0 | X21: 161023 | Y21: Morphological | Z21: MNHNL177975 | AB21: =IF(COUNTIF(Z:Z, Z21)>1, "Duplicate", "Unique") -> Unique
A22: =D22&"_"&E22&"_"&G22&"_"&J22&"_"&P22 -> 118_2_170721_BU2_p_er.te | B22: 49.52629 | C22: 6.23017 | D22: 118 | E22: 2 | F22: 030721 | G22: 170721 | H22: 2021 | I22: Loic Hellers | J22: BU2_p | K22: BU2 | L22: Pan trap | M22: Chanistya Ayu Purnomo | N22: 10 | O22: 2 Ep.ba | P22: er.te | Q22: Eristalis tenax | R22: Chanistya Ayu Purnomo | S22: 7 | T22: 4 | U22: 3 | V22: 0 | X22: 161023 | Y22: Morphological | Z22: MNHNL178001 | AB22: =IF(COUNTIF(Z:Z, Z22)>1, "Duplicate", "Unique") -> Unique
A23: =D23&"_"&E23&"_"&G23&"_"&J23&"_"&P23 -> 117_2_170721_BW1_p_er.te | B23: 49.54010 | C23: 6.17939 | D23: 117 | E23: 2 | F23: 030721 | G23: 170721 | H23: 2021 | I23: Loic Hellers | J23: BW1_p | K23: BW1 | L23: Pan trap | M23: Chanistya Ayu Purnomo | N23: 33 | O23: 22 Ep.ba | P23: er.te | Q23: Eristalis tenax | R23: Chanistya Ayu Purnomo | S23: 2 | T23: 2 | U23: 0 | V23: 0 | X23: 161023 | Y23: Morphological | Z23: MNHNL174257 | AB23: =IF(COUNTIF(Z:Z, Z23)>1, "Duplicate", "Unique") -> Unique
A24: =D24&"_"&E24&"_"&G24&"_"&J24&"_"&P24 -> 117_1_170721_BU7_1_p_er.te | B24: 49.52391 | C24: 6.19685 | D24: 117 | E24: 1 | F24: 030721 | G24: 170721 | H24: 2021 | I24: Loic Hellers | J24: BU7_1_p | K24: BU7_1 | L24: Pan trap | M24: Chanistya Ayu Purnomo | N24: 2 | P24: er.te | Q24: Eristalis tenax | R24: Chanistya Ayu Purnomo | S24: 1 | T24: 1 | U24: 0 | V24: 0 | X24: 161023 | Y24: Morphological | Z24: MNHNL178002 | AB24: =IF(COUNTIF(Z:Z, Z24)>1, "Duplicate", "Unique") -> Unique
A25: =D25&"_"&E25&"_"&G25&"_"&J25&"_"&P25 -> 127_2_030721_BU6_p_er.te | B25: 49.51867 | C25: 6.24549 | D25: 127 | E25: 2 | F25: 250621 | G25: 030721 | H25: 2021 | I25: Loic Hellers | J25: BU6_p | K25: BU6 | L25: Pan trap | M25: Chanistya Ayu Purnomo | N25: 2 | P25: er.te | Q25: Eristalis tenax | R25: Chanistya Ayu Purnomo | S25: 2 | T25: 1 | U25: 1 | V25: 0 | X25: 161023 | Y25: Morphological | Z25: MNHNL174251 | AB25: =IF(COUNTIF(Z:Z, Z25)>1, "Duplicate", "Unique") -> Unique
A26: =D26&"_"&E26&"_"&G26&"_"&J26&"_"&P26 -> 127_2_140621_BU6_p_er.te | B26: 49.51867 | C26: 6.24549 | D26: 127 | E26: 2 | F26: 090624 | G26: 140621 | H26: 2021 | I26: Loic Hellers | J26: BU6_p | K26: BU6 | L26: Pan trap | M26: Cédric Simon | N26: 1 | P26: er.te | Q26: Eristalis tenax | R26: Chanistya Ayu Purnomo | S26: 1 | T26: 1 | U26: 0 | V26: 0 | X26: 161023 | Y26: Morphological | Z26: MNHNL177998 | AB26: =IF(COUNTIF(Z:Z, Z26)>1, "Duplicate", "Unique") -> Unique
A27: =D27&"_"&E27&"_"&G27&"_"&J27&"_"&P27 -> 126_1_090521_BW7_p_er.te | B27: 49.50785 | C27: 6.17926 | D27: 126 | E27: 1 | F27: 300421 | G27: 090521 | H27: 2021 | I27: Loic Hellers | J27: BW7_p | K27: BW7 | L27: Pan trap | M27: Chanistya Ayu Purnomo | N27: 1 | P27: er.te | Q27: Eristalis tenax | R27: Chanistya Ayu Purnomo | S27: 1 | T27: 0 | U27: 1 | V27: 0 | X27: 161023 | Y27: Morphological | Z27: MNHNL177994 | AB27: =IF(COUNTIF(Z:Z, Z27)>1, "Duplicate", "Unique") -> Unique
A28: =D28&"_"&E28&"_"&G28&"_"&J28&"_"&P28 -> 117_1_170721_BU7_2_p_er.te | B28: 49.52391 | C28: 6.19685 | D28: 117 | E28: 1 | F28: 030721 | G28: 170721 | H28: 2021 | I28: Loic Hellers | J28: BU7_2_p | K28: BU7_2 | L28: Pan trap | M28: Chanistya Ayu Purnomo | N28: 1 | P28: er.te | Q28: Eristalis tenax | R28: Chanistya Ayu Purnomo | S28: 1 | T28: 1 | U28: 0 | V28: 0 | X28: 161023 | Y28: Morphological | Z28: MNHNL178032 | AB28: =IF(COUNTIF(Z:Z, Z28)>1, "Duplicate", "Unique") -> Unique
A29: =D29&"_"&E29&"_"&G29&"_"&J29&"_"&P29 -> 117_2_290521_BW1_p_er.pe | B29: 49.54010 | C29: 6.17939 | D29: 117 | E29: 2 | F29: 090521 | G29: 290521 | H29: 2021 | I29: Loic Hellers | J29: BW1_p | K29: BW1 | L29: Pan trap | M29: Chanistya Ayu Purnomo | N29: 3 | P29: er.pe | Q29: Eristalis pertinax | R29: Chanistya Ayu Purnomo | S29: 1 | T29: 1 | U29: 0 | V29: 0 | X29: 161023 | Y29: Morphological | Z29: MNHNL178047 | AB29: =IF(COUNTIF(Z:Z, Z29)>1, "Duplicate", "Unique") -> Unique
A30: =D30&"_"&E30&"_"&G30&"_"&J30&"_"&P30 -> 117_2_290521_BW1_p_er.te | B30: 49.54010 | C30: 6.17939 | D30: 117 | E30: 2 | F30: 090521 | G30: 290521 | H30: 2021 | I30: Loic Hellers | J30: BW1_p | K30: BW1 | L30: Pan trap | M30: Chanistya Ayu Purnomo | N30: 3 | P30: er.te | Q30: Eristalis tenax | R30: Chanistya Ayu Purnomo | S30: 1 | T30: 1 | U30: 0 | V30: 0 | X30: 161023 | Y30: Morphological | Z30: MNHNL178228 | AB30: =IF(COUNTIF(Z:Z, Z30)>1, "Duplicate", "Unique") -> Unique
A31: =D31&"_"&E31&"_"&G31&"_"&J31&"_"&P31 -> 127_1_170721_BU5_1_p_er.te | B31: 49.51488 | C31: 6.23240 | D31: 127 | E31: 1 | F31: 030721 | G31: 170721 | H31: 2021 | I31: Loic Hellers | J31: BU5_1_p | K31: BU5_1 | L31: Pan trap | M31: Chanistya Ayu Purnomo | N31: 8 | P31: er.te | Q31: Eristalis tenax | R31: Chanistya Ayu Purnomo | S31: 6 | T31: 4 | U31: 2 | V31: 0 | X31: 161023 | Y31: Morphological | Z31: MNHNL178013 | AB31: =IF(COUNTIF(Z:Z, Z31)>1, "Duplicate", "Unique") -> Unique
A32: =D32&"_"&E32&"_"&G32&"_"&J32&"_"&P32 -> 127_2_170721_BU6_p_er.te | B32: 49.51867 | C32: 6.24549 | D32: 127 | E32: 2 | F32: 030721 | G32: 170721 | H32: 2021 | I32: Loic Hellers | J32: BU6_p | K32: BU6 | L32: Pan trap | M32: Chanistya Ayu Purnomo | N32: 4 | P32: er.te | Q32: Eristalis tenax | R32: Chanistya Ayu Purnomo | S32: 3 | T32: 2 | U32: 1 | V32: 0 | X32: 161023 | Y32: Morphological | Z32: MNHNL178010 | AB32: =IF(COUNTIF(Z:Z, Z32)>1, "Duplicate", "Unique") -> Unique
A33: =D33&"_"&E33&"_"&G33&"_"&J33&"_"&P33 -> 118_3_170721_BU3_p_er.te | B33: 49.52282 | C33: 6.23330 | D33: 118 | E33: 3 | F33: 030721 | G33: 170721 | H33: 2021 | I33: Loic Hellers | J33: BU3_p | K33: BU3 | L33: Pan trap | M33: Chanistya Ayu Purnomo | N33: 2 | P33: er.te | Q33: Eristalis tenax | R33: Chanistya Ayu Purnomo | S33: 2 | T33: 1 | U33: 1 | V33: 0 | X33: 161023 | Y33: Morphological | Z33: MNHNL178017 | AB33: =IF(COUNTIF(Z:Z, Z33)>1, "Duplicate", "Unique") -> Unique
A34: =D34&"_"&E34&"_"&G34&"_"&J34&"_"&P34 -> 117_3_170721_BW2_2_p_er.te | B34: 49.53281 | C34: 6.20603 | D34: 117 | E34: 3 | F34: 030721 | G34: 170721 | H34: 2021 | I34: Loic Hellers | J34: BW2_2_p | K34: BW2_2 | L34: Pan trap | M34: Chanistya Ayu Purnomo | N34: 9 | O34: 8 Ep.ba | P34: er.te | Q34: Eristalis tenax | R34: Chanistya Ayu Purnomo | S34: 1 | T34: 1 | U34: 0 | V34: 0 | X34: 161023 | Y34: Morphological | Z34: MNHNL174255 | AB34: =IF(COUNTIF(Z:Z, Z34)>1, "Duplicate", "Unique") -> Unique
A35: =D35&"_"&E35&"_"&G35&"_"&J35&"_"&P35 -> 117_4_170721_BW4_2_p_er.te | B35: 49.52651 | C35: 6.20790 | D35: 117 | E35: 4 | F35: 030721 | G35: 170721 | H35: 2021 | I35: Loic Hellers | J35: BW4_2_p | K35: BW4_2 | L35: Pan trap | M35: Chanistya Ayu Purnomo | N35: 10 | O35: 7 Ep.ba | P35: er.te | Q35: Eristalis tenax | R35: Chanistya Ayu Purnomo | S35: 1 | T35: 0 | U35: 1 | V35: 0 | X35: 161023 | Y35: Morphological | Z35: MNHNL174254 | AB35: =IF(COUNTIF(Z:Z, Z35)>1, "Duplicate", "Unique") -> Unique
A36: =D36&"_"&E36&"_"&G36&"_"&J36&"_"&P36 -> 118_1_230421_BU1_1_p_er.te | B36: 49.53240 | C36: 6.22523 | D36: 118 | E36: 1 | F36: 140421 | G36: 230421 | H36: 2021 | I36: Loic Hellers | J36: BU1_1_p | K36: BU1 | L36: Pan trap | M36: Chanistya Ayu Purnomo | N36: 2 | P36: er.te | Q36: Eristalis tenax | R36: Chanistya Ayu Purnomo | S36: 1 | T36: 1 | U36: 0 | V36: 0 | X36: 161023 | Y36: Morphological | Z36: MNHNL178044 | AB36: =IF(COUNTIF(Z:Z, Z36)>1, "Duplicate", "Unique") -> Unique
A37: =D37&"_"&E37&"_"&G37&"_"&J37&"_"&P37 -> 118_4_170721_BU4_p_er.te | B37: 49.52031 | C37: 6.23231 | D37: 118 | E37: 4 | F37: 030721 | G37: 170721 | H37: 2021 | I37: Loic Hellers | J37: BU4_p | K37: BU4 | L37: Pan trap | M37: Chanistya Ayu Purnomo | N37: 3 | P37: er.te | Q37: Eristalis tenax | R37: Chanistya Ayu Purnomo | S37: 2 | T37: 1 | U37: 1 | V37: 0 | X37: 161023 | Y37: Morphological | Z37: MNHNL174256 | AB37: =IF(COUNTIF(Z:Z, Z37)>1, "Duplicate", "Unique") -> Unique
A38: =D38&"_"&E38&"_"&G38&"_"&J38&"_"&P38 -> 127_1_090621_BU5_p_er.te | B38: 49.51488 | C38: 6.23240 | D38: 127 | E38: 1 | F38: 290521 | G38: 090621 | H38: 2021 | I38: Loic Hellers | J38: BU5_p | K38: BU5 | L38: Pan trap | M38: Chanistya Ayu Purnomo | N38: 2 | P38: er.te | Q38: Eristalis tenax | R38: Chanistya Ayu Purnomo | S38: 1 | T38: 0 | U38: 1 | V38: 0 | X38: 161023 | Y38: Morphological | Z38: MNHNL178040 | AB38: =IF(COUNTIF(Z:Z, Z38)>1, "Duplicate", "Unique") -> Unique
A39: =D39&"_"&E39&"_"&G39&"_"&J39&"_"&P39 -> 126_1_170721_BW7_p_er.te | B39: 49.50785 | C39: 6.17926 | D39: 126 | E39: 1 | F39: 030721 | G39: 170721 | H39: 2021 | I39: Loic Hellers | J39: BW7_p | K39: BW7 | L39: Pan trap | M39: Chanistya Ayu Purnomo | N39: 6 | O39: 1 specimen is in a bad condition | P39: er.te | Q39: Eristalis tenax | R39: Chanistya Ayu Purnomo | S39: 1 | T39: 0 | U39: 1 | V39: 0 | X39: 171023 | Y39: Morphological | Z39: MNHNL178036 | AB39: =IF(COUNTIF(Z:Z, Z39)>1, "Duplicate", "Unique") -> Unique
A40: =D40&"_"&E40&"_"&G40&"_"&J40&"_"&P40 -> 117_3_290521_BU2_p_er.te | B40: 49.53281 | C40: 6.20603 | D40: 117 | E40: 3 | F40: 090521 | G40: 290521 | H40: 2021 | I40: Loic Hellers | J40: BU2_p | K40: BU2 | L40: Pan trap | M40: Chanistya Ayu Purnomo | N40: 1 | P40: er.te | Q40: Eristalis tenax | R40: Chanistya Ayu Purnomo | S40: 1 | T40: 0 | U40: 1 | V40: 0 | X40: 171023 | Y40: Morphological | Z40: MNHNL178056 | AB40: =IF(COUNTIF(Z:Z, Z40)>1, "Duplicate", "Unique") -> Unique
A41: =D41&"_"&E41&"_"&G41&"_"&J41&"_"&P41 -> 118_2_170721_BU2_p_eu.co | B41: 49.52629 | C41: 6.23017 | D41: 118 | E41: 2 | F41: 030721 | G41: 170721 | H41: 2021 | I41: Loic Hellers | J41: BU2_p | K41: BU2 | L41: Pan trap | M41: Chanistya Ayu Purnomo | N41: 10 | O41: 2 Ep.ba | P41: eu.co | Q41: Eupeodes corollae | R41: Chanistya Ayu Purnomo | S41: 1 | T41: 1 | U41: 0 | V41: 0 | X41: 161023 | Y41: Morphological | Z41: MNHNL178043 | AB41: =IF(COUNTIF(Z:Z, Z41)>1, "Duplicate", "Unique") -> Unique
A42: =D42&"_"&E42&"_"&G42&"_"&J42&"_"&P42 -> 117_3_170721_BW2_1_p_eu.co | B42: 49.53281 | C42: 6.20603 | D42: 117 | E42: 3 | F42: 030721 | G42: 170721 | H42: 2021 | I42: Loic Hellers | J42: BW2_1_p | K42: BW2 | L42: Pan trap | M42: Chanistya Ayu Purnomo | N42: 29 | O42: 24 Ep.ba | P42: eu.co | Q42: Eupeodes corollae | R42: Chanistya Ayu Purnomo | S42: 1 | T42: 0 | U42: 1 | V42: 0 | X42: 161023 | Y42: Morphological | Z42: MNHNL178030 | AB42: =IF(COUNTIF(Z:Z, Z42)>1, "Duplicate", "Unique") -> Unique
A43: =D43&"_"&E43&"_"&G43&"_"&J43&"_"&P43 -> 118_1_170721_BU1_2_p_eu.co | B43: 49.53240 | C43: 6.22523 | D43: 118 | E43: 1 | F43: 030721 | G43: 170721 | H43: 2021 | I43: Loic Hellers | J43: BU1_2_p | K43: BU1 | L43: Pan trap | M43: Chanistya Ayu Purnomo | N43: 3 | O43: 2 Ep.ba | P43: eu.co | Q43: Eupeodes corollae | R43: Chanistya Ayu Purnomo | S43: 1 | T43: 0 | U43: 1 | V43: 0 | X43: 161023 | Y43: Morphological | Z43: MNHNL178080 | AB43: =IF(COUNTIF(Z:Z, Z43)>1, "Duplicate", "Unique") -> Unique
A44: =D44&"_"&E44&"_"&G44&"_"&J44&"_"&P44 -> 127_1_170721_BU5_1_p_eu.co | B44: 49.51488 | C44: 6.23240 | D44: 127 | E44: 1 | F44: 030721 | G44: 170721 | H44: 2021 | I44: Loic Hellers | J44: BU5_1_p | K44: BU5_1 | L44: Pan trap | M44: Chanistya Ayu Purnomo | N44: 8 | P44: eu.co | Q44: Eupeodes corollae | R44: Chanistya Ayu Purnomo | S44: 1 | T44: 0 | U44: 1 | V44: 0 | X44: 161023 | Y44: Morphological | Z44: MNHNL178064 | AB44: =IF(COUNTIF(Z:Z, Z44)>1, "Duplicate", "Unique") -> Unique
A45: =D45&"_"&E45&"_"&G45&"_"&J45&"_"&P45 -> 127_2_170721_BU6_p_eu.co | B45: 49.51867 | C45: 6.24549 | D45: 127 | E45: 2 | F45: 030721 | G45: 170721 | H45: 2021 | I45: Loic Hellers | J45: BU6_p | K45: BU6 | L45: Pan trap | M45: Chanistya Ayu Purnomo | N45: 4 | P45: eu.co | Q45: Eupeodes corollae | R45: Chanistya Ayu Purnomo | S45: 1 | T45: 0 | U45: 1 | V45: 0 | X45: 161023 | Y45: Morphological | Z45: MNHNL178049 | AB45: =IF(COUNTIF(Z:Z, Z45)>1, "Duplicate", "Unique") -> Unique
A46: =D46&"_"&E46&"_"&G46&"_"&J46&"_"&P46 -> 117_4_170721_BW4_2_p_eu.co | B46: 49.52651 | C46: 6.20790 | D46: 117 | E46: 4 | F46: 030721 | G46: 170721 | H46: 2021 | I46: Loic Hellers | J46: BW4_2_p | K46: BW4_2 | L46: Pan trap | M46: Chanistya Ayu Purnomo | N46: 10 | O46: 7 Ep.ba | P46: eu.co | Q46: Eupeodes corollae | R46: Chanistya Ayu Purnomo | S46: 1 | T46: 0 | U46: 1 | V46: 0 | X46: 161023 | Y46: Morphological | Z46: MNHNL174260 | AB46: =IF(COUNTIF(Z:Z, Z46)>1, "Duplicate", "Unique") -> Unique
A47: =D47&"_"&E47&"_"&G47&"_"&J47&"_"&P47 -> 118_5_170721_BW3_p_eu.co | B47: 49.54555 | C47: 6.22193 | D47: 118 | E47: 5 | F47: 030721 | G47: 170721 | H47: 2021 | I47: Loic Hellers | J47: BW3_p | K47: BW3 | L47: Pan trap | M47: Chanistya Ayu Purnomo | N47: 5 | O47: 3 Ep.ba | P47: eu.co | Q47: Eupeodes corollae | R47: Chanistya Ayu Purnomo | S47: 1 | T47: 0 | U47: 1 | V47: 0 | X47: 161023 | Y47: Morphological | Z47: MNHNL177987 | AB47: =IF(COUNTIF(Z:Z, Z47)>1, "Duplicate", "Unique") -> Unique
A48: =D48&"_"&E48&"_"&G48&"_"&J48&"_"&P48 -> 117_6_170721_BW6_p_eu.co | B48: 49.52258 | C48: 6.19196 | D48: 117 | E48: 6 | F48: 030721 | G48: 170721 | H48: 2021 | I48: Loic Hellers | J48: BW6_p | K48: BW6 | L48: Pan trap | M48: Chanistya Ayu Purnomo | N48: 4 | P48: eu.co | Q48: Eupeodes corollae | R48: Chanistya Ayu Purnomo | S48: 1 | T48: 0 | U48: 1 | V48: 0 | X48: 171023 | Y48: Morphological | Z48: MNHNL178031 | AB48: =IF(COUNTIF(Z:Z, Z48)>1, "Duplicate", "Unique") -> Unique
A49: =D49&"_"&E49&"_"&G49&"_"&J49&"_"&P49 -> 117_5_170721_BW5_p_he.pe | B49: 49.52882 | C49: 6.19899 | D49: 117 | E49: 5 | F49: 030721 | G49: 170721 | H49: 2021 | I49: Loic Hellers | J49: BW5_p | K49: BW5 | L49: Pan trap | M49: Chanistya Ayu Purnomo | N49: 2 | P49: he.pe | Q49: Helophilus pendulus | R49: Chanistya Ayu Purnomo | S49: 1 | T49: 0 | U49: 1 | V49: 0 | X49: 171023 | Y49: Morphological | Z49: MNHNL178052 | AB49: =IF(COUNTIF(Z:Z, Z49)>1, "Duplicate", "Unique") -> Unique
A50: =D50&"_"&E50&"_"&G50&"_"&J50&"_"&P50 -> 117_2_170721_BW1_p_he.tr | B50: 49.54010 | C50: 6.17939 | D50: 117 | E50: 2 | F50: 030721 | G50: 170721 | H50: 2021 | I50: Loic Hellers | J50: BW1_p | K50: BW1 | L50: Pan trap | M50: Chanistya Ayu Purnomo | N50: 33 | O50: 22 Ep.ba | P50: he.tr | Q50: Helophilus trivittatus | R50: Chanistya Ayu Purnomo | S50: 1 | T50: 0 | U50: 1 | V50: 0 | X50: 161023 | Y50: Morphological | Z50: MNHNL178028 | AB50: =IF(COUNTIF(Z:Z, Z50)>1, "Duplicate", "Unique") -> Unique
A51: =D51&"_"&E51&"_"&G51&"_"&J51&"_"&P51 -> 117_3_170721_BW2_1_p_me.me | B51: 49.53281 | C51: 6.20603 | D51: 117 | E51: 3 | F51: 030721 | G51: 170721 | H51: 2021 | I51: Loic Hellers | J51: BW2_1_p | K51: BW2 | L51: Pan trap | M51: Chanistya Ayu Purnomo | N51: 29 | O51: 24 Ep.ba | P51: me.me | Q51: Melanostoma mellinum | R51: Chanistya Ayu Purnomo | S51: 1 | T51: 0 | U51: 1 | V51: 0 | X51: 161023 | Y51: Morphological | Z51: MNHNL178205 | AB51: =IF(COUNTIF(Z:Z, Z51)>1, "Duplicate", "Unique") -> Unique
A52: =D52&"_"&E52&"_"&G52&"_"&J52&"_"&P52 -> 117_2_030721_BW1_p_me.me | B52: 49.54010 | C52: 6.17939 | D52: 117 | E52: 2 | F52: 250621 | G52: 030721 | H52: 2021 | I52: Loic Hellers | J52: BW1_p | K52: BW1 | L52: Pan trap | M52: Chanistya Ayu Purnomo | N52: 5 | O52: 4 Ep.ba | P52: me.me | Q52: Melanostoma mellinum | R52: Chanistya Ayu Purnomo | S52: 1 | T52: 1 | U52: 0 | V52: 0 | X52: 161023 | Y52: Morphological | Z52: MNHNL178008 | AB52: =IF(COUNTIF(Z:Z, Z52)>1, "Duplicate", "Unique") -> Unique
A53: =D53&"_"&E53&"_"&G53&"_"&J53&"_"&P53 -> 118_5_170721_BW3_p_me.me | B53: 49.54555 | C53: 6.22193 | D53: 118 | E53: 5 | F53: 030721 | G53: 170721 | H53: 2021 | I53: Loic Hellers | J53: BW3_p | K53: BW3 | L53: Pan trap | M53: Chanistya Ayu Purnomo | N53: 5 | O53: 3 Ep.ba | P53: me.me | Q53: Melanostoma mellinum | R53: Chanistya Ayu Purnomo | S53: 1 | T53: 0 | U53: 1 | V53: 0 | X53: 161023 | Y53: Morphological | Z53: MNHNL177986 | AB53: =IF(COUNTIF(Z:Z, Z53)>1, "Duplicate", "Unique") -> Unique
A54: =D54&"_"&E54&"_"&G54&"_"&J54&"_"&P54 -> 117_5_170721_BW5_p_me.me | B54: 49.52882 | C54: 6.19899 | D54: 117 | E54: 5 | F54: 030721 | G54: 170721 | H54: 2021 | I54: Loic Hellers | J54: BW5_p | K54: BW5 | L54: Pan trap | M54: Chanistya Ayu Purnomo | N54: 2 | P54: me.me | Q54: Melanostoma mellinum | R54: Chanistya Ayu Purnomo | S54: 1 | T54: 1 | U54: 0 | V54: 0 | X54: 171023 | Y54: Morphological | Z54: MNHNL177982 | AB54: =IF(COUNTIF(Z:Z, Z54)>1, "Duplicate", "Unique") -> Unique
A55: =D55&"_"&E55&"_"&G55&"_"&J55&"_"&P55 -> 117_5_140621_BW5_p_me.eq | B55: 49.52882 | C55: 6.19899 | D55: 117 | E55: 5 | F55: 090621 | G55: 140621 | H55: 2021 | I55: Loic Hellers | J55: BW5_p | K55: BW5 | L55: Pan trap | M55: Chanistya Ayu Purnomo | N55: 1 | P55: me.eq | Q55: Merodon equestris | R55: Chanistya Ayu Purnomo | S55: 1 | T55: 0 | U55: 1 | V55: 0 | X55: 161023 | Y55: Morphological | Z55: MNHNL178070 | AB55: =IF(COUNTIF(Z:Z, Z55)>1, "Duplicate", "Unique") -> Unique
A56: =D56&"_"&E56&"_"&G56&"_"&J56&"_"&P56 -> 117_1_290521_BU7_p_rh.ca | B56: 49.52391 | C56: 6.19685 | D56: 117 | E56: 1 | F56: 090521 | G56: 290521 | H56: 2021 | I56: Loic Hellers | J56: BU7_p | K56: BU7 | L56: Pan trap | M56: Chanistya Ayu Purnomo | N56: 1 | P56: rh.ca | Q56: Rhingia campestris | R56: Chanistya Ayu Purnomo | S56: 1 | T56: 1 | U56: 0 | V56: 0 | X56: 161023 | Y56: Morphological | Z56: MNHNL178035 | AB56: =IF(COUNTIF(Z:Z, Z56)>1, "Duplicate", "Unique") -> Unique
A57: =D57&"_"&E57&"_"&G57&"_"&J57&"_"&P57 -> 117_3_170721_BW2_1_p_sc.py | B57: 49.53281 | C57: 6.20603 | D57: 117 | E57: 3 | F57: 030721 | G57: 170721 | H57: 2021 | I57: Loic Hellers | J57: BW2_1_p | K57: BW2 | L57: Pan trap | M57: Chanistya Ayu Purnomo | N57: 29 | O57: 24 Ep.ba | P57: sc.py | Q57: Scaeva pyrastri | R57: Hinatea Ariey | S57: 1 | T57: 0 | U57: 1 | V57: 0 | W57: old ID was S. selenitica done by CAP | X57: 041125 | Y57: Morphological | Z57: MNHNL178211 | AB57: =IF(COUNTIF(Z:Z, Z57)>1, "Duplicate", "Unique") -> Unique
A58: =D58&"_"&E58&"_"&G58&"_"&J58&"_"&P58 -> 117_3_170721_BW2_1_p_sp.sc | B58: 49.53281 | C58: 6.20603 | D58: 117 | E58: 3 | F58: 030721 | G58: 170721 | H58: 2021 | I58: Loic Hellers | J58: BW2_1_p | K58: BW2 | L58: Pan trap | M58: Chanistya Ayu Purnomo | N58: 29 | O58: 24 Ep.ba | P58: sp.sc | Q58: Sphaerophoria scripta | R58: Chanistya Ayu Purnomo | S58: 2 | T58: 1 | U58: 1 | V58: 0 | X58: 161023 | Y58: Morphological | Z58: MNHNL178079 | AB58: =IF(COUNTIF(Z:Z, Z58)>1, "Duplicate", "Unique") -> Unique
A59: =D59&"_"&E59&"_"&G59&"_"&J59&"_"&P59 -> 117_2_170721_BW1_p_sp.sc | B59: 49.54010 | C59: 6.17939 | D59: 117 | E59: 2 | F59: 030721 | G59: 170721 | H59: 2021 | I59: Loic Hellers | J59: BW1_p | K59: BW1 | L59: Pan trap | M59: Chanistya Ayu Purnomo | N59: 33 | O59: 22 Ep.ba | P59: sp.sc | Q59: Sphaerophoria scripta | R59: Chanistya Ayu Purnomo | S59: 7 | T59: 4 | U59: 3 | V59: 0 | X59: 161023 | Y59: Morphological | Z59: MNHNL178037 | AB59: =IF(COUNTIF(Z:Z, Z59)>1, "Duplicate", "Unique") -> Unique
A60: =D60&"_"&E60&"_"&G60&"_"&J60&"_"&P60 -> 127_1_170721_BU5_1_p_sp.sc | B60: 49.51488 | C60: 6.23240 | D60: 127 | E60: 1 | F60: 030721 | G60: 170721 | H60: 2021 | I60: Loic Hellers | J60: BU5_1_p | K60: BU5_1 | L60: Pan trap | M60: Chanistya Ayu Purnomo | N60: 8 | P60: sp.sc | Q60: Sphaerophoria scripta | R60: Chanistya Ayu Purnomo | S60: 1 | T60: 1 | U60: 0 | V60: 0 | X60: 161023 | Y60: Morphological | Z60: MNHNL178006 | AB60: =IF(COUNTIF(Z:Z, Z60)>1, "Duplicate", "Unique") -> Unique
A61: =D61&"_"&E61&"_"&G61&"_"&J61&"_"&P61 -> 117_4_170721_BW4_2_p_sp.sc | B61: 49.52651 | C61: 6.20790 | D61: 117 | E61: 4 | F61: 030721 | G61: 170721 | H61: 2021 | I61: Loic Hellers | J61: BW4_2_p | K61: BW4_2 | L61: Pan trap | M61: Chanistya Ayu Purnomo | N61: 10 | O61: 7 Ep.ba | P61: sp.sc | Q61: Sphaerophoria scripta | R61: Chanistya Ayu Purnomo | S61: 1 | T61: 0 | U61: 1 | V61: 0 | X61: 161023 | Y61: Morphological | Z61: MNHNL177965 | AB61: =IF(COUNTIF(Z:Z, Z61)>1, "Duplicate", "Unique") -> Unique
A62: =D62&"_"&E62&"_"&G62&"_"&J62&"_"&P62 -> 118_4_170721_BU4_p_sp.sc | B62: 49.52031 | C62: 6.23231 | D62: 118 | E62: 4 | F62: 030721 | G62: 170721 | H62: 2021 | I62: Loic Hellers | J62: BU4_p | K62: BU4 | L62: Pan trap | M62: Chanistya Ayu Purnomo | N62: 3 | P62: sp.sc | Q62: Sphaerophoria scripta | R62: Chanistya Ayu Purnomo | S62: 1 | T62: 0 | U62: 1 | V62: 0 | X62: 161023 | Y62: Morphological | Z62: MNHNL178039 | AB62: =IF(COUNTIF(Z:Z, Z62)>1, "Duplicate", "Unique") -> Unique
A63: =D63&"_"&E63&"_"&G63&"_"&J63&"_"&P63 -> 117_3_030721_BW2_p_sp.sc | B63: 49.53281 | C63: 6.20603 | D63: 117 | E63: 3 | F63: 250621 | G63: 030721 | H63: 2021 | I63: Loic Hellers | J63: BW2_p | K63: BW2 | L63: Pan trap | M63: Chanistya Ayu Purnomo | N63: 6 | O63: 2 Ep.ba | P63: sp.sc | Q63: Sphaerophoria scripta | R63: Chanistya Ayu Purnomo | S63: 3 | T63: 0 | U63: 3 | V63: 0 | X63: 161023 | Y63: Morphological | Z63: MNHNL178038 | AB63: =IF(COUNTIF(Z:Z, Z63)>1, "Duplicate", "Unique") -> Unique
A64: =D64&"_"&E64&"_"&G64&"_"&J64&"_"&P64 -> 127_2_230421_BU6_p_sp.sc | B64: 49.51867 | C64: 6.24549 | D64: 127 | E64: 2 | F64: 140421 | G64: 230421 | H64: 2021 | I64: Loic Hellers | J64: BU6_p | K64: BU6 | L64: Pan trap | M64: Chanistya Ayu Purnomo | N64: 2 | P64: sp.sc | Q64: Sphaerophoria scripta | R64: Chanistya Ayu Purnomo | S64: 1 | T64: 0 | U64: 1 | V64: 0 | X64: 161023 | Y64: Morphological | Z64: MNHNL178082 | AB64: =IF(COUNTIF(Z:Z, Z64)>1, "Duplicate", "Unique") -> Unique
A65: =D65&"_"&E65&"_"&G65&"_"&J65&"_"&P65 -> 118_5_030721_BW3_p_sp.sc | B65: 49.54555 | C65: 6.22193 | D65: 118 | E65: 5 | F65: 250621 | G65: 030721 | H65: 2021 | I65: Loic Hellers | J65: BW3_p | K65: BW3 | L65: Pan trap | M65: Chanistya Ayu Purnomo | N65: 1 | P65: sp.sc | Q65: Sphaerophoria scripta | R65: Chanistya Ayu Purnomo | S65: 1 | T65: 0 | U65: 1 | V65: 0 | X65: 161023 | Y65: Morphological | Z65: MNHNL174242 | AB65: =IF(COUNTIF(Z:Z, Z65)>1, "Duplicate", "Unique") -> Unique
A66: =D66&"_"&E66&"_"&G66&"_"&J66&"_"&P66 -> 126_1_170721_BW7_p_sp.sc | B66: 49.50785 | C66: 6.17926 | D66: 126 | E66: 1 | F66: 030721 | G66: 170721 | H66: 2021 | I66: Loic Hellers | J66: BW7_p | K66: BW7 | L66: Pan trap | M66: Chanistya Ayu Purnomo | N66: 6 | O66: 1 specimen is in a bad condition | P66: sp.sc | Q66: Sphaerophoria scripta | R66: Chanistya Ayu Purnomo | S66: 5 | T66: 0 | U66: 5 | V66: 0 | X66: 171023 | Y66: Morphological | Z66: MNHNL178022 | AB66: =IF(COUNTIF(Z:Z, Z66)>1, "Duplicate", "Unique") -> Unique
A67: =D67&"_"&E67&"_"&G67&"_"&J67&"_"&P67 -> 117_6_170721_BW6_p_sp.sc | B67: 49.52258 | C67: 6.19196 | D67: 117 | E67: 6 | F67: 030721 | G67: 170721 | H67: 2021 | I67: Loic Hellers | J67: BW6_p | K67: BW6 | L67: Pan trap | M67: Chanistya Ayu Purnomo | N67: 4 | P67: sp.sc | Q67: Sphaerophoria scripta | R67: Chanistya Ayu Purnomo | S67: 2 | T67: 1 | U67: 1 | V67: 0 | X67: 171023 | Y67: Morphological | Z67: MNHNL178046 | AB67: =IF(COUNTIF(Z:Z, Z67)>1, "Duplicate", "Unique") -> Unique
A68: =D68&"_"&E68&"_"&G68&"_"&J68&"_"&P68 -> 117_1_170721_BU7_1_p_sy.ri | B68: 49.52391 | C68: 6.19685 | D68: 117 | E68: 1 | F68: 030721 | G68: 170721 | H68: 2021 | I68: Loic Hellers | J68: BU7_1_p | K68: BU7_1 | L68: Pan trap | M68: Chanistya Ayu Purnomo | N68: 2 | P68: sy.ri | Q68: Syrphus ribesii | R68: Chanistya Ayu Purnomo | S68: 1 | T68: 0 | U68: 1 | V68: 0 | X68: 161023 | Y68: Morphological | Z68: MNHNL178058 | AB68: =IF(COUNTIF(Z:Z, Z68)>1, "Duplicate", "Unique") -> Unique
A69: =D69&"_"&E69&"_"&G69&"_"&J69&"_"&P69 -> 117_3_030721_BW2_p_sy.ri | B69: 49.53281 | C69: 6.20603 | D69: 117 | E69: 3 | F69: 250621 | G69: 030721 | H69: 2021 | I69: Loic Hellers | J69: BW2_p | K69: BW2 | L69: Pan trap | M69: Chanistya Ayu Purnomo | N69: 6 | O69: 2 Ep.ba | P69: sy.ri | Q69: Syrphus ribesii | R69: Chanistya Ayu Purnomo | S69: 1 | T69: 1 | U69: 0 | V69: 0 | X69: 161023 | Y69: Morphological | Z69: MNHNL178057 | AB69: =IF(COUNTIF(Z:Z, Z69)>1, "Duplicate", "Unique") -> Unique
A70: =D70&"_"&E70&"_"&G70&"_"&J70&"_"&P70 -> 118_1_230421_BU1_1_p_sy.vi | B70: 49.53240 | C70: 6.22523 | D70: 118 | E70: 1 | F70: 140421 | G70: 230421 | H70: 2021 | I70: Loic Hellers | J70: BU1_1_p | K70: BU1 | L70: Pan trap | M70: Chanistya Ayu Purnomo | N70: 2 | P70: sy.vi | Q70: Syrphus vitripennis | R70: Chanistya Ayu Purnomo | S70: 1 | T70: 0 | U70: 1 | V70: 0 | X70: 161023 | Y70: Morphological | Z70: MNHNL178061 | AB70: =IF(COUNTIF(Z:Z, Z70)>1, "Duplicate", "Unique") -> Unique
A71: =D71&"_"&E71&"_"&G71&"_"&J71&"_"&P71 -> 127_1_090621_BU5_p_vo.pe | B71: 49.51488 | C71: 6.23240 | D71: 127 | E71: 1 | F71: 290521 | G71: 090621 | H71: 2021 | I71: Loic Hellers | J71: BU5_p | K71: BU5 | L71: Pan trap | M71: Chanistya Ayu Purnomo | N71: 2 | P71: vo.pe | Q71: Volucella pellucens | R71: Chanistya Ayu Purnomo | S71: 1 | T71: 1 | U71: 0 | V71: 0 | X71: 161023 | Y71: Morphological | Z71: MNHNL164734 | AA71: december 2024 | AB71: =IF(COUNTIF(Z:Z, Z71)>1, "Duplicate", "Unique") -> Unique
A72: =D72&"_"&E72&"_"&G72&"_"&J72&"_"&P72 -> 117_6_290521_BW6_p_xa.ci | B72: 49.52258 | C72: 6.19196 | D72: 117 | E72: 6 | F72: 090521 | G72: 290521 | H72: 2021 | I72: Loic Hellers | J72: BW6_p | K72: BW6 | L72: Pan trap | M72: Chanistya Ayu Purnomo | N72: 1 | P72: xa.ci | Q72: Xanthogramma citrofasciatum | R72: Chanistya Ayu Purnomo | S72: 1 | T72: 1 | U72: 0 | V72: 0 | W72: new genus name= Philhelius | X72: 161023 | Y72: Morphological | Z72: MNHNL178027 | AB72: =IF(COUNTIF(Z:Z, Z72)>1, "Duplicate", "Unique") -> Unique
A73: =D73&"_"&E73&"_"&G73&"_"&J73&"_"&P73 -> 117_2_170721_BW1_p_xa.pe | B73: 49.54010 | C73: 6.17939 | D73: 117 | E73: 2 | F73: 030721 | G73: 170721 | H73: 2021 | I73: Loic Hellers | J73: BW1_p | K73: BW1 | L73: Pan trap | M73: Chanistya Ayu Purnomo | N73: 33 | O73: 22 Ep.ba | P73: xa.pe | Q73: Xanthogramma pedissequum | R73: Chanistya Ayu Purnomo | S73: 1 | T73: 1 | U73: 0 | V73: 0 | W73: new genus name= Philhelius | X73: 161023 | Y73: Morphological | Z73: MNHNL178048 | AB73: =IF(COUNTIF(Z:Z, Z73)>1, "Duplicate", "Unique") -> Unique
A74: =D74&"_"&E74&"_"&G74&"_"&J74&"_"&P74 -> 118_5_090621_BW3_p_me.eq | B74: 49.54555 | C74: 6.22193 | D74: 118 | E74: 5 | F74: 290521 | G74: 090621 | H74: 2021 | I74: Loic Hellers | J74: =K74&"_p" -> BW3_p | K74: BW3 | L74: Pan trap | M74: Caroline Grounds | N74: 2 | P74: me.eq | Q74: Merodon equestris | R74: Hinatea Ariey | S74: 2 | T74: 2 | U74: 0 | V74: 0 | X74: 011025 | Y74: Morphological | Z74: MNHNL175715 | AB74: =IF(COUNTIF(Z:Z, Z74)>1, "Duplicate", "Unique") -> Unique
A75: =D75&"_"&E75&"_"&G75&"_"&J75&"_"&P75 -> 117_2_090621_BW1_p_vo.inf | B75: 49.5401 | C75: 6.17939 | D75: 117 | E75: 2 | F75: 290521 | G75: 090621 | H75: 2021 | I75: Loic Hellers | J75: =K75&"_p" -> BW1_p | K75: BW1 | L75: Pan trap | M75: Caroline Grounds | N75: 4 | P75: vo.inf | Q75: Volucella inflata | R75: Hinatea Ariey | S75: 1 | T75: 0 | U75: 1 | V75: 0 | X75: 021025 | Y75: Morphological | Z75: MNHNL175471 | AB75: =IF(COUNTIF(Z:Z, Z75)>1, "Duplicate", "Unique") -> Unique
A76: =D76&"_"&E76&"_"&G76&"_"&J76&"_"&P76 -> 117_2_090621_BW1_p_ep.ba | B76: 49.5401 | C76: 6.17939 | D76: 117 | E76: 2 | F76: 290521 | G76: 090621 | H76: 2021 | I76: Loic Hellers | J76: =K76&"_p" -> BW1_p | K76: BW1 | L76: Pan trap | M76: Caroline Grounds | N76: 4 | P76: ep.ba | Q76: Episyrphus balteatus | R76: Hinatea Ariey | S76: 2 | T76: 2 | U76: 0 | V76: 0 | X76: 021025 | Y76: Morphological | Z76: MNHNL175472 | AB76: =IF(COUNTIF(Z:Z, Z76)>1, "Duplicate", "Unique") -> Unique
A77: =D77&"_"&E77&"_"&G77&"_"&J77&"_"&P77 -> 117_2_090621_BW1_p_eu.co | B77: 49.5401 | C77: 6.17939 | D77: 117 | E77: 2 | F77: 290521 | G77: 090621 | H77: 2021 | I77: Loic Hellers | J77: =K77&"_p" -> BW1_p | K77: BW1 | L77: Pan trap | M77: Caroline Grounds | N77: 4 | P77: eu.co | Q77: Eupeodes corollae | R77: Hinatea Ariey | S77: 1 | T77: 1 | U77: 0 | V77: 0 | X77: 021025 | Y77: Morphological | Z77: MNHNL175473 | AB77: =IF(COUNTIF(Z:Z, Z77)>1, "Duplicate", "Unique") -> Unique
A78: =D78&"_"&E78&"_"&G78&"_"&J78 -> 117_4_090621_BW4_p | B78: 49.52651 | C78: 6.2079 | D78: 117 | E78: 4 | F78: 290521 | G78: 090621 | H78: 2021 | I78: Loic Hellers | J78: =K78&"_p" -> BW4_p | K78: BW4 | L78: Pan trap | M78: Caroline Grounds | N78: 1 | P78: ep.ba | Q78: Episyrphus balteatus | R78: Hinatea Ariey | S78: 1 | T78: 1 | U78: 0 | V78: 0 | X78: 021025 | Y78: Morphological | Z78: MNHNL175475 | AB78: =IF(COUNTIF(Z:Z, Z78)>1, "Duplicate", "Unique") -> Unique
A79: =D79&"_"&E79&"_"&G79&"_"&J79&"_"&P79 -> ____ | AB79: =IF(COUNTIF(Z:Z, Z79)>1, "Duplicate", "Unique") -> Unique
A80: =D80&"_"&E80&"_"&G80&"_"&J80&"_"&P80 -> ____ | AB80: =IF(COUNTIF(Z:Z, Z80)>1, "Duplicate", "Unique") -> Unique
A81: =D81&"_"&E81&"_"&G81&"_"&J81&"_"&P81 -> ____ | AB81: =IF(COUNTIF(Z:Z, Z81)>1, "Duplicate", "Unique") -> Unique
A82: =D82&"_"&E82&"_"&G82&"_"&J82&"_"&P82 -> ____ | AB82: =IF(COUNTIF(Z:Z, Z82)>1, "Duplicate", "Unique") -> Unique
A83: =D83&"_"&E83&"_"&G83&"_"&J83&"_"&P83 -> ____ | AB83: =IF(COUNTIF(Z:Z, Z83)>1, "Duplicate", "Unique") -> Unique
A84: =D84&"_"&E84&"_"&G84&"_"&J84&"_"&P84 -> ____ | AB84: =IF(COUNTIF(Z:Z, Z84)>1, "Duplicate", "Unique") -> Unique
A85: =D85&"_"&E85&"_"&G85&"_"&J85&"_"&P85 -> ____
A86: =D86&"_"&E86&"_"&G86&"_"&J86&"_"&P86 -> ____
A87: =D87&"_"&E87&"_"&G87&"_"&J87&"_"&P87 -> ____

Sheet LBB
A1: Code | B1: Latitude | C1: Longitude | D1: Cell | E1: Station | F1: Date_in | G1: Date_out | H1: Année | I1: Collecteur | J1: Code site | K1: Nom du site | L1: Passive/active | M1: Sorter | N1: Number of specimens | O1: Notes | P1: Code ID | Q1: ID | R1: IDENTIFIER | S1: NUMBER OF SPECIMEN | T1: MALE | U1: FEMALE | V1: SEX INDETERMINATE | W1: IDENTIFICATION NOTE | X1: DATE OF IDENTIFICATION | Y1: IDENTIFICATION METHOD | Z1: QR code | AA1: Recorder? | AB1: Unique
A2: =D2&"_"&E2&"_"&G2&"_"&J2&"_"&P2 -> 119_1_150621_C1X_p_ch.ca | B2: 49.53837832 | C2: 6.341665126 | D2: 119 | E2: 1 | F2: 310521 | G2: 150621 | H2: 2021 | I2: LBB | J2: C1X_p | K2: C1X | L2: malaise trap | M2: Amanda Luttringer | N2: 64 | P2: ch.ca | Q2: Chrysotoxum cautum | R2: Chanistya Ayu Purnomo | S2: =T2+U2 -> 37 | T2: 1 | U2: 36 | V2: 0 | W2: new genus name= Philhelius | X2: 181023 | Y2: Morphological | Z2: MNHNL174230 | AB2: =IF(COUNTIF(Z:Z, Z2)>1, "Duplicate", "Unique") -> Unique
A3: =D3&"_"&E3&"_"&G3&"_"&J3&"_"&P3 -> 119_1_150621_C1X_p_ep.ba | B3: 49.53837832 | C3: 6.341665126 | D3: 119 | E3: 1 | F3: 310521 | G3: 150621 | H3: 2021 | I3: LBB | J3: C1X_p | K3: C1X | L3: malaise trap | M3: Amanda Luttringer | N3: 64 | P3: ep.ba | Q3: Episyrphus balteatus | R3: Chanistya Ayu Purnomo | S3: =T3+U3 -> 5 | T3: 1 | U3: 4 | V3: 0 | X3: 181023 | Y3: Morphological | Z3: MNHNL164832 | AA3: december 2024 | AB3: =IF(COUNTIF(Z:Z, Z3)>1, "Duplicate", "Unique") -> Unique
A4: =D4&"_"&E4&"_"&G4&"_"&J4&"_"&P4 -> 119_1_150621_C1X_p_sp.sc | B4: 49.53837832 | C4: 6.341665126 | D4: 119 | E4: 1 | F4: 310521 | G4: 150621 | H4: 2021 | I4: LBB | J4: C1X_p | K4: C1X | L4: malaise trap | M4: Amanda Luttringer | N4: 64 | P4: sp.sc | Q4: Sphaerophoria scripta | R4: Chanistya Ayu Purnomo | S4: =T4+U4 -> 4 | T4: 2 | U4: 2 | V4: 0 | X4: 181023 | Y4: Morphological | Z4: MNHNL165805 | AB4: =IF(COUNTIF(Z:Z, Z4)>1, "Duplicate", "Unique") -> Unique
A5: =D5&"_"&E5&"_"&G5&"_"&J5&"_"&P5 -> 119_1_150621_C1X_p_eu.co | B5: 49.53837832 | C5: 6.341665126 | D5: 119 | E5: 1 | F5: 310521 | G5: 150621 | H5: 2021 | I5: LBB | J5: C1X_p | K5: C1X | L5: malaise trap | M5: Amanda Luttringer | N5: 64 | P5: eu.co | Q5: Eupeodes corollae | R5: Chanistya Ayu Purnomo | S5: =T5+U5 -> 7 | T5: 2 | U5: 5 | V5: 0 | X5: 181023 | Y5: Morphological | Z5: MNHNL178314 | AB5: =IF(COUNTIF(Z:Z, Z5)>1, "Duplicate", "Unique") -> Unique
A6: =D6&"_"&E6&"_"&G6&"_"&J6&"_"&P6 -> 119_1_150621_C1X_p_xa.pe | B6: 49.53837832 | C6: 6.341665126 | D6: 119 | E6: 1 | F6: 310521 | G6: 150621 | H6: 2021 | I6: LBB | J6: C1X_p | K6: C1X | L6: malaise trap | M6: Amanda Luttringer | N6: 64 | P6: xa.pe | Q6: Xanthogramma pedissequum | R6: Chanistya Ayu Purnomo | S6: =T6+U6 -> 1 | T6: 0 | U6: 1 | V6: 0 | W6: new genus name= Philhelius | X6: 181023 | Y6: Morphological | Z6: MNHNL178232 | AB6: =IF(COUNTIF(Z:Z, Z6)>1, "Duplicate", "Unique") -> Unique
A7: =D7&"_"&E7&"_"&G7&"_"&J7&"_"&P7 -> 119_1_150621_C1X_p_xa.st | B7: 49.53837832 | C7: 6.341665126 | D7: 119 | E7: 1 | F7: 310521 | G7: 150621 | H7: 2021 | I7: LBB | J7: C1X_p | K7: C1X | L7: malaise trap | M7: Amanda Luttringer | N7: 64 | P7: xa.st | Q7: Xanthogramma stackelbergi | R7: Chanistya Ayu Purnomo | S7: =T7+U7 -> 1 | T7: 0 | U7: 1 | V7: 0 | W7: new genus name= Philhelius | X7: 181023 | Y7: Morphological | AB7: =IF(COUNTIF(Z:Z, Z7)>1, "Duplicate", "Unique") -> Unique
A8: =D8&"_"&E8&"_"&G8&"_"&J8&"_"&P8 -> 119_1_150621_C1X_p_ch.bi | B8: 49.53837832 | C8: 6.341665126 | D8: 119 | E8: 1 | F8: 310521 | G8: 150621 | H8: 2021 | I8: LBB | J8: C1X_p | K8: C1X | L8: malaise trap | M8: Amanda Luttringer | N8: 64 | P8: ch.bi | Q8: Chrysotoxum bicinctum | R8: Chanistya Ayu Purnomo | S8: =T8+U8 -> 1 | T8: 1 | U8: 0 | V8: 0 | X8: 181023 | Y8: Morphological | Z8: MNHNL165803 | AA8: december 2024 | AB8: =IF(COUNTIF(Z:Z, Z8)>1, "Duplicate", "Unique") -> Unique
A9: =D9&"_"&E9&"_"&G9&"_"&J9&"_"&P9 -> 119_1_150621_C1X_p_ep.au | B9: 49.53837832 | C9: 6.341665126 | D9: 119 | E9: 1 | F9: 310521 | G9: 150621 | H9: 2021 | I9: LBB | J9: C1X_p | K9: C1X | L9: malaise trap | M9: Amanda Luttringer | N9: 64 | P9: ep.au | Q9: Episyrphus auricollis | R9: Chanistya Ayu Purnomo | S9: =T9+U9 -> 2 | T9: 0 | U9: 2 | V9: 0 | X9: 181023 | Y9: Morphological | AB9: =IF(COUNTIF(Z:Z, Z9)>1, "Duplicate", "Unique") -> Unique
A10: =D10&"_"&E10&"_"&G10&"_"&J10&"_"&P10 -> 119_1_150621_C1X_p_ep.el | B10: 49.53837832 | C10: 6.341665126 | D10: 119 | E10: 1 | F10: 310521 | G10: 150621 | H10: 2021 | I10: LBB | J10: C1X_p | K10: C1X | L10: malaise trap | M10: Amanda Luttringer | N10: 64 | P10: ep.el | Q10: Epistrophe eligans | R10: Chanistya Ayu Purnomo | S10: =T10+U10 -> 3 | T10: 0 | U10: 3 | V10: 0 | X10: 181023 | Y10: Morphological | Z10: MNHNL165765 | AA10: december 2024 | AB10: =IF(COUNTIF(Z:Z, Z10)>1, "Duplicate", "Unique") -> Unique
A11: =D11&"_"&E11&"_"&G11&"_"&J11&"_"&P11 -> 119_1_150621_C1X_p_pi.sp | B11: 49.53837832 | C11: 6.341665126 | D11: 119 | E11: 1 | F11: 310521 | G11: 150621 | H11: 2021 | I11: LBB | J11: C1X_p | K11: C1X | L11: malaise trap | M11: Amanda Luttringer | N11: 64 | P11: pi.sp | Q11: Pipizella | R11: Chanistya Ayu Purnomo | S11: =T11+U11 -> 1 | T11: 0 | U11: 1 | V11: 0 | W11: female is not in the key | X11: 181023 | Y11: Morphological | AB11: =IF(COUNTIF(Z:Z, Z11)>1, "Duplicate", "Unique") -> Unique
A12: =D12&"_"&E12&"_"&G12&"_"&J12&"_"&P12 -> 119_1_150621_C1X_p_pi. | B12: 49.53837832 | C12: 6.341665126 | D12: 119 | E12: 1 | F12: 310521 | G12: 150621 | H12: 2021 | I12: LBB | J12: C1X_p | K12: C1X | L12: malaise trap | M12: Amanda Luttringer | N12: 64 | P12: pi. | Q12: Pipiza | R12: Chanistya Ayu Purnomo | S12: =T12+U12 -> 2 | T12: 0 | U12: 2 | V12: 0 | X12: 181023 | Y12: Morphological | AB12: =IF(COUNTIF(Z:Z, Z12)>1, "Duplicate", "Unique") -> Unique
A13: =D13&"_"&E13&"_"&G13&"_"&J13&"_"&P13 -> 80_4_310521_C25_p_er.pe | B13: 49.7101297 | C13: 6.265946701 | D13: 80 | E13: 4 | F13: 170521 | G13: 310521 | H13: 2021 | I13: LBB | J13: C25_p | K13: C25 | L13: malaise trap | M13: Amanda Luttringer | N13: 2 | P13: er.pe | Q13: Eristalis pertinax | R13: Chanistya Ayu Purnomo | S13: =T13+U13 -> 1 | T13: 0 | U13: 1 | V13: 0 | X13: 181023 | Y13: Morphological | Z13: MNHNL165775 | AB13: =IF(COUNTIF(Z:Z, Z13)>1, "Duplicate", "Unique") -> Unique
A14: =D14&"_"&E14&"_"&G14&"_"&J14&"_"&P14 -> 80_4_310521_C25_p_ep.au | B14: 49.7101297 | C14: 6.265946701 | D14: 80 | E14: 4 | F14: 170521 | G14: 310521 | H14: 2021 | I14: LBB | J14: C25_p | K14: C25 | L14: malaise trap | M14: Amanda Luttringer | N14: 2 | P14: ep.au | Q14: Episyrphus auricollis | R14: Chanistya Ayu Purnomo | S14: =T14+U14 -> 1 | T14: 0 | U14: 1 | V14: 0 | X14: 181023 | Y14: Morphological | AB14: =IF(COUNTIF(Z:Z, Z14)>1, "Duplicate", "Unique") -> Unique
A15: =D15&"_"&E15&"_"&G15&"_"&J15&"_"&P15 -> 80_3_030521_C15_p_ep.au | B15: 49.71394906 | C15: 6.272177473 | D15: 80 | E15: 3 | F15: 160421 | G15: 030521 | H15: 2021 | I15: LBB | J15: C15_p | K15: C15 | L15: malaise trap | M15: Amanda Luttringer | N15: 1 | P15: ep.au | Q15: Episyrphus auricollis | R15: Chanistya Ayu Purnomo | S15: =T15+U15 -> 1 | T15: 0 | U15: 1 | V15: 0 | X15: 181023 | Y15: Morphological | AB15: =IF(COUNTIF(Z:Z, Z15)>1, "Duplicate", "Unique") -> Unique
A16: =D16&"_"&E16&"_"&G16&"_"&J16&"_"&P16 -> 93_1_300621_C3B_p_ep.ba | B16: 49.65560054 | C16: 6.421787068 | D16: 93 | E16: 1 | F16: 150621 | G16: 300621 | H16: 2021 | I16: LBB | J16: C3B_p | K16: C3B | L16: malaise trap | M16: Chanistya Ayu Purnomo | N16: 41 | P16: ep.ba | Q16: Episyrphus balteatus | R16: Chanistya Ayu Purnomo | S16: =T16+U16 -> 8 | T16: 1 | U16: 7 | V16: 0 | X16: 181023 | Y16: Morphological | Z16: MNHNL164828 | AA16: december 2024 | AB16: =IF(COUNTIF(Z:Z, Z16)>1, "Duplicate", "Unique") -> Unique
A17: =D17&"_"&E17&"_"&G17&"_"&J17&"_"&P17 -> 93_1_300621_C3B_p_sp.sc | B17: 49.65560054 | C17: 6.421787068 | D17: 93 | E17: 1 | F17: 150621 | G17: 300621 | H17: 2021 | I17: LBB | J17: C3B_p | K17: C3B | L17: malaise trap | M17: Chanistya Ayu Purnomo | N17: 41 | P17: sp.sc | Q17: Sphaerophoria scripta | R17: Chanistya Ayu Purnomo | S17: =T17+U17 -> 8 | T17: 0 | U17: 8 | V17: 0 | W17: new genus name= Philhelius | X17: 181023 | Y17: Morphological | Z17: MNHNL178154 | AB17: =IF(COUNTIF(Z:Z, Z17)>1, "Duplicate", "Unique") -> Unique
A18: =D18&"_"&E18&"_"&G18&"_"&J18&"_"&P18 -> 93_1_300621_C3B_p_xa.pe | B18: 49.65560054 | C18: 6.421787068 | D18: 93 | E18: 1 | F18: 150621 | G18: 300621 | H18: 2021 | I18: LBB | J18: C3B_p | K18: C3B | L18: malaise trap | M18: Chanistya Ayu Purnomo | N18: 41 | P18: xa.pe | Q18: Xanthogramma pedissequum | R18: Chanistya Ayu Purnomo | S18: =T18+U18 -> 8 | T18: 0 | U18: 8 | V18: 0 | X18: 181023 | Y18: Morphological | Z18: MNHNL178176 | AB18: =IF(COUNTIF(Z:Z, Z18)>1, "Duplicate", "Unique") -> Unique
A19: =D19&"_"&E19&"_"&G19&"_"&J19&"_"&P19 -> 93_1_300621_C3B_p_me.me | B19: 49.65560054 | C19: 6.421787068 | D19: 93 | E19: 1 | F19: 150621 | G19: 300621 | H19: 2021 | I19: LBB | J19: C3B_p | K19: C3B | L19: malaise trap | M19: Chanistya Ayu Purnomo | N19: 41 | P19: me.me | Q19: Melanostoma mellinum | R19: Chanistya Ayu Purnomo | S19: =T19+U19 -> 1 | T19: 0 | U19: 1 | V19: 0 | X19: 181023 | Y19: Morphological | AB19: =IF(COUNTIF(Z:Z, Z19)>1, "Duplicate", "Unique") -> Unique
A20: =D20&"_"&E20&"_"&G20&"_"&J20&"_"&P20 -> 93_1_300621_C3B_p_ep.el | B20: 49.65560054 | C20: 6.421787068 | D20: 93 | E20: 1 | F20: 150621 | G20: 300621 | H20: 2021 | I20: LBB | J20: C3B_p | K20: C3B | L20: malaise trap | M20: Chanistya Ayu Purnomo | N20: 41 | P20: ep.el | Q20: Epistrophe eligans | R20: Chanistya Ayu Purnomo | S20: =T20+U20 -> 1 | T20: 0 | U20: 1 | V20: 0 | X20: 181023 | Y20: Morphological | Z20: MNHNL165804 | AA20: december 2024 | AB20: =IF(COUNTIF(Z:Z, Z20)>1, "Duplicate", "Unique") -> Unique
A21: =D21&"_"&E21&"_"&G21&"_"&J21&"_"&P21 -> 93_1_300621_C3B_p_eu.co | B21: 49.65560054 | C21: 6.421787068 | D21: 93 | E21: 1 | F21: 150621 | G21: 300621 | H21: 2021 | I21: LBB | J21: C3B_p | K21: C3B | L21: malaise trap | M21: Chanistya Ayu Purnomo | N21: 41 | P21: eu.co | Q21: Eupeodes corollae | R21: Chanistya Ayu Purnomo | S21: =T21+U21 -> 11 | T21: 3 | U21: 8 | V21: 0 | X21: 181023 | Y21: Morphological | Z21: MNHNL178113 | AB21: =IF(COUNTIF(Z:Z, Z21)>1, "Duplicate", "Unique") -> Unique
A22: =D22&"_"&E22&"_"&G22&"_"&J22&"_"&P22 -> 93_1_300621_C3B_p_eu.lu | B22: 49.65560054 | C22: 6.421787068 | D22: 93 | E22: 1 | F22: 150621 | G22: 300621 | H22: 2021 | I22: LBB | J22: C3B_p | K22: C3B | L22: malaise trap | M22: Chanistya Ayu Purnomo | N22: 41 | P22: eu.lu | Q22: Eupeodes luniger | R22: Chanistya Ayu Purnomo | S22: =T22+U22 -> 2 | T22: 0 | U22: 2 | V22: 0 | X22: 181023 | Y22: Morphological | Z22: MNHNL178155 | AB22: =IF(COUNTIF(Z:Z, Z22)>1, "Duplicate", "Unique") -> Unique
A23: =D23&"_"&E23&"_"&G23&"_"&J23&"_"&P23 -> 93_1_300621_C3B_p_ep.au | B23: 49.65560054 | C23: 6.421787068 | D23: 93 | E23: 1 | F23: 150621 | G23: 300621 | H23: 2021 | I23: LBB | J23: C3B_p | K23: C3B | L23: malaise trap | M23: Chanistya Ayu Purnomo | N23: 41 | P23: ep.au | Q23: Episyrphus auricollis | R23: Chanistya Ayu Purnomo | S23: =T23+U23 -> 1 | T23: 1 | U23: 0 | V23: 0 | X23: 181023 | Y23: Morphological | AB23: =IF(COUNTIF(Z:Z, Z23)>1, "Duplicate", "Unique") -> Unique
A24: =D24&"_"&E24&"_"&G24&"_"&J24&"_"&P24 -> 101_2_170521_C3A_p_ep.ba | B24: 49.63355617 | C24: 6.411785111 | D24: 101 | E24: 2 | F24: 030521 | G24: 170521 | H24: 2021 | I24: LBB | J24: C3A_p | K24: C3A | L24: malaise trap | M24: Chanistya Ayu Purnomo | N24: 2 | P24: ep.ba | Q24: Episyrphus balteatus | R24: Chanistya Ayu Purnomo | S24: =T24+U24 -> 1 | T24: 0 | U24: 1 | V24: 0 | X24: 201023 | Y24: Morphological | Z24: MNHNL164820 | AA24: december 2024 | AB24: =IF(COUNTIF(Z:Z, Z24)>1, "Duplicate", "Unique") -> Unique
A25: =D25&"_"&E25&"_"&G25&"_"&J25&"_"&P25 -> 101_2_170521_C3A_p_eu.co | B25: 49.63355617 | C25: 6.411785111 | D25: 101 | E25: 2 | F25: 030521 | G25: 170521 | H25: 2021 | I25: LBB | J25: C3A_p | K25: C3A | L25: malaise trap | M25: Chanistya Ayu Purnomo | N25: 2 | P25: eu.co | Q25: Eupeodes corollae | R25: Chanistya Ayu Purnomo | S25: =T25+U25 -> 1 | T25: 0 | U25: 1 | V25: 0 | X25: 201023 | Y25: Morphological | Z25: MNHNL178213 | AB25: =IF(COUNTIF(Z:Z, Z25)>1, "Duplicate", "Unique") -> Unique
A26: =D26&"_"&E26&"_"&G26&"_"&J26&"_"&P26 -> 101_2_310521_C3A_p_eu.co | B26: 49.63355617 | C26: 6.411785111 | D26: 101 | E26: 2 | F26: 170521 | G26: 310521 | H26: 2021 | I26: LBB | J26: C3A_p | K26: C3A | L26: malaise trap | M26: Amanda Luttringer | N26: 2 | P26: eu.co | Q26: Eupeodes corollae | R26: Chanistya Ayu Purnomo | S26: =T26+U26 -> 1 | T26: 0 | U26: 1 | V26: 0 | X26: 201023 | Y26: Morphological | Z26: MNHNL178323 | AB26: =IF(COUNTIF(Z:Z, Z26)>1, "Duplicate", "Unique") -> Unique
A27: =D27&"_"&E27&"_"&G27&"_"&J27&"_"&P27 -> 101_2_310521_C3A_p_pi.fe | B27: 49.63355617 | C27: 6.411785111 | D27: 101 | E27: 2 | F27: 170521 | G27: 310521 | H27: 2021 | I27: LBB | J27: C3A_p | K27: C3A | L27: malaise trap | M27: Amanda Luttringer | N27: 2 | P27: pi.fe | Q27: Pipiza festiva | R27: Chanistya Ayu Purnomo | S27: =T27+U27 -> 1 | T27: 0 | U27: 1 | V27: 0 | X27: 201023 | Y27: Morphological | AB27: =IF(COUNTIF(Z:Z, Z27)>1, "Duplicate", "Unique") -> Unique
A28: =D28&"_"&E28&"_"&G28&"_"&J28&"_"&P28 -> 80_3_300721_C15_p_ep.ba | B28: 49.71394906 | C28: 6.272177473 | D28: 80 | E28: 3 | F28: 140721 | G28: 300721 | H28: 2021 | I28: LBB | J28: C15_p | K28: C15 | L28: malaise trap | M28: Chanistya Ayu Purnomo | N28: 144 | P28: ep.ba | Q28: Episyrphus balteatus | R28: Chanistya Ayu Purnomo | S28: =T28+U28 -> 5 | T28: 2 | U28: 3 | V28: 0 | X28: 201023 | Y28: Morphological | Z28: MNHNL164827 | AA28: december 2024 | AB28: =IF(COUNTIF(Z:Z, Z28)>1, "Duplicate", "Unique") -> Unique
A29: =D29&"_"&E29&"_"&G29&"_"&J29&"_"&P29 -> 80_3_300721_C15_p_sp.sc | B29: 49.71394906 | C29: 6.272177473 | D29: 80 | E29: 3 | F29: 140721 | G29: 300721 | H29: 2021 | I29: LBB | J29: C15_p | K29: C15 | L29: malaise trap | M29: Chanistya Ayu Purnomo | N29: 144 | P29: sp.sc | Q29: Sphaerophoria scripta | R29: Chanistya Ayu Purnomo | S29: =T29+U29 -> 22 | T29: 3 | U29: 19 | V29: 0 | X29: 201023 | Y29: Morphological | Z29: MNHNL178159 | AB29: =IF(COUNTIF(Z:Z, Z29)>1, "Duplicate", "Unique") -> Unique
A30: =D30&"_"&E30&"_"&G30&"_"&J30&"_"&P30 -> 80_3_300721_C15_p_sy.pi | B30: 49.71394906 | C30: 6.272177473 | D30: 80 | E30: 3 | F30: 140721 | G30: 300721 | H30: 2021 | I30: LBB | J30: C15_p | K30: C15 | L30: malaise trap | M30: Chanistya Ayu Purnomo | N30: 144 | P30: sy.pi | Q30: Syritta pipiens | R30: Chanistya Ayu Purnomo | S30: =T30+U30 -> 5 | T30: 2 | U30: 3 | V30: 0 | X30: 201023 | Y30: Morphological | Z30: MNHNL164843 | AA30: december 2024 | AB30: =IF(COUNTIF(Z:Z, Z30)>1, "Duplicate", "Unique") -> Unique
A31: =D31&"_"&E31&"_"&G31&"_"&J31&"_"&P31 -> 80_3_300721_C15_p_my.fl | B31: 49.71394906 | C31: 6.272177473 | D31: 80 | E31: 3 | F31: 140721 | G31: 300721 | H31: 2021 | I31: LBB | J31: C15_p | K31: C15 | L31: malaise trap | M31: Chanistya Ayu Purnomo | N31: 144 | P31: my.fl | Q31: Myathropa florea | R31: Chanistya Ayu Purnomo | S31: =T31+U31 -> 1 | T31: 0 | U31: 1 | V31: 0 | X31: 201023 | Y31: Morphological | Z31: MNHNL164824 | AA31: december 2024 | AB31: =IF(COUNTIF(Z:Z, Z31)>1, "Duplicate", "Unique") -> Unique
A32: =D32&"_"&E32&"_"&G32&"_"&J32&"_"&P32 -> 80_3_300721_C15_p_ch.bi | B32: 49.71394906 | C32: 6.272177473 | D32: 80 | E32: 3 | F32: 140721 | G32: 300721 | H32: 2021 | I32: LBB | J32: C15_p | K32: C15 | L32: malaise trap | M32: Chanistya Ayu Purnomo | N32: 144 | P32: ch.bi | Q32: Chrysotoxum bicinctum | R32: Chanistya Ayu Purnomo | S32: =T32+U32 -> 2 | T32: 0 | U32: 2 | V32: 0 | X32: 201023 | Y32: Morphological | Z32: MNHNL165772 | AA32: december 2024 | AB32: =IF(COUNTIF(Z:Z, Z32)>1, "Duplicate", "Unique") -> Unique
A33: =D33&"_"&E33&"_"&G33&"_"&J33&"_"&P33 -> 80_3_300721_C15_p_ch.ca | B33: 49.71394906 | C33: 6.272177473 | D33: 80 | E33: 3 | F33: 140721 | G33: 300721 | H33: 2021 | I33: LBB | J33: C15_p | K33: C15 | L33: malaise trap | M33: Chanistya Ayu Purnomo | N33: 144 | P33: ch.ca | Q33: Chrysotoxum cautum | R33: Chanistya Ayu Purnomo | S33: =T33+U33 -> 1 | T33: 0 | U33: 1 | V33: 0 | X33: 201023 | Y33: Morphological | Z33: MNHNL178136 | AB33: =IF(COUNTIF(Z:Z, Z33)>1, "Duplicate", "Unique") -> Unique
A34: =D34&"_"&E34&"_"&G34&"_"&J34&"_"&P34 -> 80_3_300721_C15_p_xa.pe | B34: 49.71394906 | C34: 6.272177473 | D34: 80 | E34: 3 | F34: 140721 | G34: 300721 | H34: 2021 | I34: LBB | J34: C15_p | K34: C15 | L34: malaise trap | M34: Chanistya Ayu Purnomo | N34: 144 | P34: xa.pe | Q34: Xanthogramma pedissequum | R34: Chanistya Ayu Purnomo | S34: =T34+U34 -> 1 | T34: 0 | U34: 1 | V34: 0 | W34: new genus name= Philhelius | X34: 201023 | Y34: Morphological | Z34: MNHNL178171 | AB34: =IF(COUNTIF(Z:Z, Z34)>1, "Duplicate", "Unique") -> Unique
A35: =D35&"_"&E35&"_"&G35&"_"&J35&"_"&P35 -> 80_3_300721_C15_p_eu.co | B35: 49.71394906 | C35: 6.272177473 | D35: 80 | E35: 3 | F35: 140721 | G35: 300721 | H35: 2021 | I35: LBB | J35: C15_p | K35: C15 | L35: malaise trap | M35: Chanistya Ayu Purnomo | N35: 144 | P35: eu.co | Q35: Eupeodes corollae | R35: Chanistya Ayu Purnomo | S35: =T35+U35 -> 7 | T35: 0 | U35: 7 | V35: 0 | X35: 201023 | Y35: Morphological | Z35: MNHNL178315 | AB35: =IF(COUNTIF(Z:Z, Z35)>1, "Duplicate", "Unique") -> Unique
A36: =D36&"_"&E36&"_"&G36&"_"&J36&"_"&P36 -> 80_3_300721_C15_p_me.me | B36: 49.71394906 | C36: 6.272177473 | D36: 80 | E36: 3 | F36: 140721 | G36: 300721 | H36: 2021 | I36: LBB | J36: C15_p | K36: C15 | L36: malaise trap | M36: Chanistya Ayu Purnomo | N36: 144 | P36: me.me | Q36: Melanostoma mellinum | R36: Chanistya Ayu Purnomo | S36: =T36+U36 -> 100 | T36: 23 | U36: 77 | V36: 0 | X36: 201023 | Y36: Morphological | Z36: MNHNL178091 | AB36: =IF(COUNTIF(Z:Z, Z36)>1, "Duplicate", "Unique") -> Unique
A37: =D37&"_"&E37&"_"&G37&"_"&J37&"_"&P37 -> 71_1_150621_C1A_p_ep.ba | B37: 49.75381763 | C37: 6.38881854 | D37: 71 | E37: 1 | F37: 310521 | G37: 150621 | H37: 2021 | I37: LBB | J37: C1A_p | K37: C1A | L37: malaise trap | M37: Chanistya Ayu Purnomo | N37: 30 | O37: same code | P37: ep.ba | Q37: Episyrphus balteatus | R37: Chanistya Ayu Purnomo | S37: =T37+U37 -> 1 | T37: 0 | U37: 1 | V37: 0 | X37: 201023 | Y37: Morphological | Z37: MNHNL164838 | AA37: december 2024 | AB37: =IF(COUNTIF(Z:Z, Z37)>1, "Duplicate", "Unique") -> Unique
A38: =D38&"_"&E38&"_"&G38&"_"&J38&"_"&P38 -> 71_1_150621_C1A_p_eu.co | B38: 49.75381763 | C38: 6.38881854 | D38: 71 | E38: 1 | F38: 310521 | G38: 150621 | H38: 2021 | I38: LBB | J38: C1A_p | K38: C1A | L38: malaise trap | M38: Chanistya Ayu Purnomo | N38: 30 | O38: same code | P38: eu.co | Q38: Eupeodes corollae | R38: Chanistya Ayu Purnomo | S38: =T38+U38 -> 4 | T38: 1 | U38: 3 | V38: 0 | X38: 201023 | Y38: Morphological | Z38: MNHNL178321 | AB38: =IF(COUNTIF(Z:Z, Z38)>1, "Duplicate", "Unique") -> Unique
A39: =D39&"_"&E39&"_"&G39&"_"&J39&"_"&P39 -> 71_1_150621_C1A_p_xa.pe | B39: 49.75381763 | C39: 6.38881854 | D39: 71 | E39: 1 | F39: 310521 | G39: 150621 | H39: 2021 | I39: LBB | J39: C1A_p | K39: C1A | L39: malaise trap | M39: Chanistya Ayu Purnomo | N39: 30 | O39: same code | P39: xa.pe | Q39: Xanthogramma pedissequum | R39: Chanistya Ayu Purnomo | S39: =T39+U39 -> 3 | T39: 1 | U39: 2 | V39: 0 | W39: new genus name= Philhelius | X39: 201023 | Y39: Morphological | Z39: MNHNL178131 | AB39: =IF(COUNTIF(Z:Z, Z39)>1, "Duplicate", "Unique") -> Unique
A40: =D40&"_"&E40&"_"&G40&"_"&J40&"_"&P40 -> 71_1_150621_C1A_p_ch.ca | B40: 49.75381763 | C40: 6.38881854 | D40: 71 | E40: 1 | F40: 310521 | G40: 150621 | H40: 2021 | I40: LBB | J40: C1A_p | K40: C1A | L40: malaise trap | M40: Chanistya Ayu Purnomo | N40: 30 | O40: same code | P40: ch.ca | Q40: Chrysotoxum cautum | R40: Chanistya Ayu Purnomo | S40: =T40+U40 -> 22 | T40: 0 | U40: 22 | V40: 0 | X40: 201023 | Y40: Morphological | Z40: MNHNL178118 | AB40: =IF(COUNTIF(Z:Z, Z40)>1, "Duplicate", "Unique") -> Unique
A41: =D41&"_"&E41&"_"&G41&"_"&J41&"_"&P41 -> 80_1_300621_C1B_p_ep.ba | B41: 49.70092034 | C41: 6.27471216 | D41: 80 | E41: 1 | F41: 150621 | G41: 300621 | H41: 2021 | I41: LBB | J41: C1B_p | K41: C1B | L41: malaise trap | M41: Chanistya Ayu Purnomo | N41: 45 | P41: ep.ba | Q41: Episyrphus balteatus | R41: Chanistya Ayu Purnomo | S41: =T41+U41 -> 4 | T41: 1 | U41: 3 | V41: 0 | X41: 201023 | Y41: Morphological | Z41: MNHNL164845 | AA41: december 2024 | AB41: =IF(COUNTIF(Z:Z, Z41)>1, "Duplicate", "Unique") -> Unique
A42: =D42&"_"&E42&"_"&G42&"_"&J42&"_"&P42 -> 80_1_300621_C1B_p_sp.sc | B42: 49.70092034 | C42: 6.27471216 | D42: 80 | E42: 1 | F42: 150621 | G42: 300621 | H42: 2021 | I42: LBB | J42: C1B_p | K42: C1B | L42: malaise trap | M42: Chanistya Ayu Purnomo | N42: 45 | P42: sp.sc | Q42: Sphaerophoria scripta | R42: Chanistya Ayu Purnomo | S42: =T42+U42 -> 22 | T42: 1 | U42: 21 | V42: 0 | X42: 201023 | Y42: Morphological | Z42: MNHNL178092 | AB42: =IF(COUNTIF(Z:Z, Z42)>1, "Duplicate", "Unique") -> Unique
A43: =D43&"_"&E43&"_"&G43&"_"&J43&"_"&P43 -> 80_1_300621_C1B_p_me.me | B43: 49.70092034 | C43: 6.27471216 | D43: 80 | E43: 1 | F43: 150621 | G43: 300621 | H43: 2021 | I43: LBB | J43: C1B_p | K43: C1B | L43: malaise trap | M43: Chanistya Ayu Purnomo | N43: 45 | P43: me.me | Q43: Melanostoma mellinum | R43: Chanistya Ayu Purnomo | S43: =T43+U43 -> 2 | T43: 1 | U43: 1 | V43: 0 | X43: 201023 | Y43: Morphological | Z43: MNHNL178141 | AB43: =IF(COUNTIF(Z:Z, Z43)>1, "Duplicate", "Unique") -> Unique
A44: =D44&"_"&E44&"_"&G44&"_"&J44&"_"&P44 -> 80_1_300621_C1B_p_xa.pe | B44: 49.70092034 | C44: 6.27471216 | D44: 80 | E44: 1 | F44: 150621 | G44: 300621 | H44: 2021 | I44: LBB | J44: C1B_p | K44: C1B | L44: malaise trap | M44: Chanistya Ayu Purnomo | N44: 45 | P44: xa.pe | Q44: Xanthogramma pedissequum | R44: Chanistya Ayu Purnomo | S44: =T44+U44 -> 4 | T44: 0 | U44: 4 | V44: 0 | W44: new genus name= Philhelius | X44: 201023 | Y44: Morphological | Z44: MNHNL178135 | AB44: =IF(COUNTIF(Z:Z, Z44)>1, "Duplicate", "Unique") -> Unique
A45: =D45&"_"&E45&"_"&G45&"_"&J45&"_"&P45 -> 80_1_300621_C1B_p_ch.ve | B45: 49.70092034 | C45: 6.27471216 | D45: 80 | E45: 1 | F45: 150621 | G45: 300621 | H45: 2021 | I45: LBB | J45: C1B_p | K45: C1B | L45: malaise trap | M45: Chanistya Ayu Purnomo | N45: 45 | P45: ch.ve | Q45: Chrysotoxum verralli | R45: Chanistya Ayu Purnomo | S45: =T45+U45 -> 1 | T45: 1 | U45: 0 | V45: 0 | X45: 201023 | Y45: Morphological | Z45: MNHNL178166 | AB45: =IF(COUNTIF(Z:Z, Z45)>1, "Duplicate", "Unique") -> Unique
A46: =D46&"_"&E46&"_"&G46&"_"&J46&"_"&P46 -> 80_1_300621_C1B_p_ch.ca | B46: 49.70092034 | C46: 6.27471216 | D46: 80 | E46: 1 | F46: 150621 | G46: 300621 | H46: 2021 | I46: LBB | J46: C1B_p | K46: C1B | L46: malaise trap | M46: Chanistya Ayu Purnomo | N46: 45 | P46: ch.ca | Q46: Chrysotoxum cautum | R46: Chanistya Ayu Purnomo | S46: =T46+U46 -> 1 | T46: 0 | U46: 1 | V46: 0 | X46: 201023 | Y46: Morphological | Z46: MNHNL178168 | AB46: =IF(COUNTIF(Z:Z, Z46)>1, "Duplicate", "Unique") -> Unique
A47: =D47&"_"&E47&"_"&G47&"_"&J47&"_"&P47 -> 80_1_300621_C1B_p_eu.co | B47: 49.70092034 | C47: 6.27471216 | D47: 80 | E47: 1 | F47: 150621 | G47: 300621 | H47: 2021 | I47: LBB | J47: C1B_p | K47: C1B | L47: malaise trap | M47: Chanistya Ayu Purnomo | N47: 45 | P47: eu.co | Q47: Eupeodes corollae | R47: Chanistya Ayu Purnomo | S47: =T47+U47 -> 7 | T47: 0 | U47: 7 | V47: 0 | X47: 201023 | Y47: Morphological | Z47: MNHNL178127 | AB47: =IF(COUNTIF(Z:Z, Z47)>1, "Duplicate", "Unique") -> Unique
A48: =D48&"_"&E48&"_"&G48&"_"&J48&"_"&P48 -> 80_1_300621_C1B_p_eu.lu | B48: 49.70092034 | C48: 6.27471216 | D48: 80 | E48: 1 | F48: 150621 | G48: 300621 | H48: 2021 | I48: LBB | J48: C1B_p | K48: C1B | L48: malaise trap | M48: Chanistya Ayu Purnomo | N48: 45 | P48: eu.lu | Q48: Eupeodes luniger | R48: Chanistya Ayu Purnomo | S48: =T48+U48 -> 2 | T48: 0 | U48: 2 | V48: 0 | X48: 201023 | Y48: Morphological | Z48: MNHNL178145 | AB48: =IF(COUNTIF(Z:Z, Z48)>1, "Duplicate", "Unique") -> Unique
A49: =D49&"_"&E49&"_"&G49&"_"&J49&"_"&P49 -> 61_1_150621_C2X_p_sp.sc | B49: 49.8096837 | C49: 6.473402157 | D49: 61 | E49: 1 | F49: 310521 | G49: 150621 | H49: 2021 | I49: LBB | J49: C2X_p | K49: C2X | L49: malaise trap | M49: Amanda Luttringer | N49: 38 | P49: sp.sc | Q49: Sphaerophoria scripta | R49: Chanistya Ayu Purnomo | S49: =T49+U49 -> 9 | T49: 2 | U49: 7 | V49: 0 | X49: 201023 | Y49: Morphological | Z49: MNHNL178112 | AB49: =IF(COUNTIF(Z:Z, Z49)>1, "Duplicate", "Unique") -> Unique
A50: =D50&"_"&E50&"_"&G50&"_"&J50&"_"&P50 -> 61_1_150621_C2X_p_ch.ca | B50: 49.8096837 | C50: 6.473402157 | D50: 61 | E50: 1 | F50: 310521 | G50: 150621 | H50: 2021 | I50: LBB | J50: C2X_p | K50: C2X | L50: malaise trap | M50: Amanda Luttringer | N50: 38 | P50: ch.ca | Q50: Chrysotoxum cautum | R50: Chanistya Ayu Purnomo | S50: =T50+U50 -> 6 | T50: 2 | U50: 4 | V50: 0 | X50: 201023 | Y50: Morphological | Z50: MNHNL178119 | AB50: =IF(COUNTIF(Z:Z, Z50)>1, "Duplicate", "Unique") -> Unique
A51: =D51&"_"&E51&"_"&G51&"_"&J51&"_"&P51 -> 61_1_150621_C2X_p_ch.fe | B51: 49.8096837 | C51: 6.473402157 | D51: 61 | E51: 1 | F51: 310521 | G51: 150621 | H51: 2021 | I51: LBB | J51: C2X_p | K51: C2X | L51: malaise trap | M51: Amanda Luttringer | N51: 38 | P51: ch.fe | Q51: Chrysotoxum festivum | R51: Chanistya Ayu Purnomo | S51: =T51+U51 -> 4 | T51: 0 | U51: 4 | V51: 0 | X51: 201023 | Y51: Morphological | Z51: MNHNL178177 | AB51: =IF(COUNTIF(Z:Z, Z51)>1, "Duplicate", "Unique") -> Unique
A52: =D52&"_"&E52&"_"&G52&"_"&J52&"_"&P52 -> 61_1_150621_C2X_p_eu.co | B52: 49.8096837 | C52: 6.473402157 | D52: 61 | E52: 1 | F52: 310521 | G52: 150621 | H52: 2021 | I52: LBB | J52: C2X_p | K52: C2X | L52: malaise trap | M52: Amanda Luttringer | N52: 38 | P52: eu.co | Q52: Eupeodes corollae | R52: Chanistya Ayu Purnomo | S52: =T52+U52 -> 9 | T52: 0 | U52: 9 | V52: 0 | X52: 201023 | Y52: Morphological | Z52: MNHNL178318 | AB52: =IF(COUNTIF(Z:Z, Z52)>1, "Duplicate", "Unique") -> Unique
A53: =D53&"_"&E53&"_"&G53&"_"&J53&"_"&P53 -> 61_1_150621_C2X_p_xa.pe | B53: 49.8096837 | C53: 6.473402157 | D53: 61 | E53: 1 | F53: 310521 | G53: 150621 | H53: 2021 | I53: LBB | J53: C2X_p | K53: C2X | L53: malaise trap | M53: Amanda Luttringer | N53: 38 | P53: xa.pe | Q53: Xanthogramma pedissequum | R53: Chanistya Ayu Purnomo | S53: =T53+U53 -> 2 | T53: 0 | U53: 2 | V53: 0 | W53: new genus name= Philhelius | X53: 201023 | Y53: Morphological | Z53: MNHNL178181 | AB53: =IF(COUNTIF(Z:Z, Z53)>1, "Duplicate", "Unique") -> Unique
A54: =D54&"_"&E54&"_"&G54&"_"&J54&"_"&P54 -> 61_1_150621_C2X_p_eu.lu | B54: 49.8096837 | C54: 6.473402157 | D54: 61 | E54: 1 | F54: 310521 | G54: 150621 | H54: 2021 | I54: LBB | J54: C2X_p | K54: C2X | L54: malaise trap | M54: Amanda Luttringer | N54: 38 | P54: eu.lu | Q54: Eupeodes luniger | R54: Chanistya Ayu Purnomo | S54: =T54+U54 -> 2 | T54: 0 | U54: 2 | V54: 0 | X54: 201023 | Y54: Morphological | Z54: MNHNL178220 | AB54: =IF(COUNTIF(Z:Z, Z54)>1, "Duplicate", "Unique") -> Unique
